Date,A,AAOI,AAPL,AAT,ABBV
2023-01-03,0.0026061438543321103,-0.005291000285156167,-0.037404589778426645,0.0003773269821922831,0.004764436824480578
2023-01-04,0.01086386992133459,0.02127657550770312,0.010314182786078874,0.016974731471284477,0.008067639992302311
2023-01-05,0.0029008006549298138,-0.02083331393077925,-0.01060465512256814,-0.020771588757378168,-0.0012219066947091184
2023-01-06,-0.029189302282473517,-0.01063828775385156,0.03679411661073351,0.024242670079000606,0.018716885433482044
2023-01-09,-0.0013546247548694712,0.15591402087739192,0.004088707976745765,-0.011464686136342439,-0.029360684861875153
2023-01-10,0.05262112299257149,-0.013953585338433494,0.004456658647285838,-0.003741051518898586,-0.012495286812740591
2023-01-11,0.018939626686584887,0.014151043126324536,0.02111241704708733,0.019151315700192573,-0.015472459276618222
2023-01-12,-0.010621491019146556,0.09302316297384028,-0.0005996622022573783,0.021370765291726324,-0.02228755211953759
2023-01-13,0.0027479271618433554,0.03404262356220911,0.010119158648415283,-0.0028861615810582553,0.009065638851584623
2023-01-17,-0.00968641843675122,0.004115222299809096,0.008756474021561989,0.008683065579609073,-0.005013152646924923
2023-01-18,-0.008558692166925841,-0.028688594270410817,-0.005370074054264928,-0.013629898029642984,-0.023751561973682778
2023-01-19,-0.007788615291850376,-0.033755243700015036,0.00044388267825290484,-0.007999816826398054,-0.0032843186140771863
2023-01-20,0.01995152150680224,-0.03493446508240117,0.019220630529646288,-0.002199473550239528,0.005917250288218767
2023-01-23,0.020138462623437103,0.013574647453366007,0.023500367660948873,-0.0018368127377110799,-0.006951937018601195
2023-01-24,-0.02118701124888711,-0.008928562875609058,0.010062956184791139,-0.0036807120602113663,-0.005789363659636226
2023-01-25,0.0004497653450172834,-0.009009000301245074,-0.004700590821734796,0.0007390093752548399,0.0006767801769860249
2023-01-26,0.003017200992962099,0.0,0.01480358350708122,0.007013645004329883,-0.0026385452561300538
2023-01-27,-0.0034563356806078804,0.07727265190487231,0.01368404009656099,0.01759530076782867,-0.007598365907442228
2023-01-30,-0.025370849706850662,-0.016877621850007518,-0.02007781075793258,0.0010806812277102118,-0.004307004174861739
2023-01-31,0.0022409307717459193,0.025751151572007247,0.009020833337836986,0.024109452298912926,0.014418174255843574
2023-02-01,0.022159320712647146,0.0878660211342599,0.007900793389368221,0.017919791893963977,-0.0077833528188775425
2023-02-02,0.00032135779204356396,0.0846153987229934,0.03706241063762117,0.023817743628181898,-0.012005626678193715
2023-02-03,-0.0061091226219956996,-0.04255315191482678,0.024399907273629395,-0.025960890213672982,0.002485680109250765
2023-02-06,-0.014946515652431769,-0.018518500530834592,-0.017928576216282188,-0.020422274608805635,-0.001239872780658069
2023-02-07,0.014910470754132765,-0.011320833482532322,0.0192444058387109,-0.00035324903720246326,0.0008275698121038566
2023-02-08,-0.0005822844400769078,-0.026717532939075084,-0.017652631033985844,-0.04347838694430506,-0.003651705801756888
2023-02-09,-0.01321082400526119,0.03137261318454776,-0.006911753185246394,-0.02254241861113726,0.02828306352159804
2023-02-10,0.0011155048249655852,0.007604555154464343,0.0024565168950847482,-0.0007561642981314121,0.022528475104029777
2023-02-13,0.013438343702610878,-0.003773581171086837,0.018806630956735404,0.0022701256597013053,0.011048991222273985
2023-02-14,-0.010090698614376059,0.022727250149756628,-0.004225008087591742,-0.0033976431847771993,-0.007415556335240825
2023-02-15,-0.008429216853123478,0.048148101380169894,0.01390359646599082,0.005303175934480375,-0.010026828756526496
2023-02-16,-0.02286651625909275,0.042402871806623166,-0.010429538369825742,-0.0067823172555290245,-0.010128384331801743
2023-02-17,-0.0001349261310810146,-0.05084748913316417,-0.007546459036799846,-0.002276238435870992,0.011903870804237382
2023-02-21,-0.032645232275296476,-0.028571401810159047,-0.026680112306432746,-0.031178552469932286,0.00456024642956665
2023-02-22,-0.009343249607323134,0.03676467043408915,0.002896264063614984,0.010204099390555887,-0.008749912598108645
2023-02-23,0.0078828523972867,0.07801419638944651,0.0032903300693967186,0.002719447772597139,0.009291933423350995
2023-02-24,-0.01396638817645679,-0.14144739215558944,-0.018005340149420013,-0.013173205494034113,0.004208428716776513
2023-02-27,0.006940359066127444,-0.007662828249186293,0.008247666685075483,-0.0007853460793498801,0.010280913996764784
2023-02-28,-0.001476961312449232,0.08494209880342396,-0.0034477757850247537,-0.00864428991366517,-0.002463075661727543
2023-03-01,-0.03141502814473918,-0.02846972431854289,-0.014246178998383985,-0.005548750052725593,0.00890182868495537
2023-03-02,0.030252437302342727,-0.014652000576396595,0.004129525769389852,-0.00757298809697704,-0.005731852040720242
2023-03-03,0.015952441866842637,0.01486987397850048,0.035089884796547954,-0.002811277556605929,0.010882123789550002
2023-03-06,-0.004863416171101198,0.018315000720495744,0.018539383019927635,-0.014901247081951063,-0.004998082489962363
2023-03-07,-0.020247046780060618,-0.010791356726084111,-0.014496554313195631,-0.03515940937862827,-0.01513394706711868
2023-03-08,0.004061807285413721,0.02545452117919922,0.008377224406511008,-0.033089892807442456,-0.021774605657303714
2023-03-09,-0.013981708852044306,-0.0035460959929022318,-0.01491478498805665,-0.04977767768102337,-0.015040077827879306
2023-03-10,-0.023105034004553326,-0.053380733097267874,-0.013878323196930387,-0.07436866426262989,0.016016486671466934
2023-03-13,0.0071469995526196595,0.003759394789693671,0.013265831898647162,-0.012632588716324888,0.014962025897750975
2023-03-14,0.012509916618709926,-0.003745314673225475,0.014089080552313948,-0.029682734670953836,0.012504113338977607
2023-03-15,-0.031575087765852494,-0.08270677500430457,0.0026215368557538365,-0.007383763859762582,0.0013649920238743007
2023-03-16,0.020816419763257876,0.01639342660450316,0.01869397019141039,-0.010627014410304447,0.008048791608733286
2023-03-17,-0.026604447061173264,-0.0483871463930442,-0.005453941588549949,-0.06552099919435717,-0.006954247180688156
2023-03-20,0.01021162967543443,0.016949238156632296,0.015483859148178736,0.008620676658099846,0.012320061885660483
2023-03-21,0.018359030388851227,0.012499987582366145,0.011944108654541985,0.035327561760032156,0.004163503069495977
2023-03-22,-0.023940016216667193,-0.024691431913493544,-0.009103442449006738,-0.06274069218284783,-0.019774245897402176
2023-03-23,-0.01944185951574884,0.03797474976107851,0.006969486057605501,-0.03229592066290787,0.010607126848074744
2023-03-24,0.006329515155070409,-0.020325183553227655,0.008305478794135901,0.03701446160535915,0.017514416148524337
2023-03-27,0.008411580502715621,-0.28630706748818513,-0.012293241514828135,0.010532459862409471,-0.0030375284623794796
2023-03-28,-0.003306380198408454,0.05813954777818142,-0.003980392401577881,0.015634025052263523,0.004506928469639737
2023-03-29,0.009198395314901298,0.005494500096186128,0.019790800004816367,0.02622581571484983,-0.0015798338692665226
2023-03-30,0.0047816020887165855,0.05464475534834423,0.00988992613105344,0.004444478450564615,-0.000506388823374393
2023-03-31,0.028626656232651815,0.14507777109258657,0.015644089409190487,0.028207922536339414,0.009181764551858596
2023-04-03,-0.0018464378100238044,0.036199059875642536,0.0077018415669027895,-0.015599860201996774,0.006588568734255951
2023-04-04,0.0025386908024433996,-0.03493446508240117,-0.0032497556716089004,-0.009289584814506036,-0.003989480500054099
2023-04-05,-0.0008679128896434962,-0.045248932726261404,-0.011290238420913368,0.017650439307593357,0.006383646988198155
2023-04-06,-0.0004347258614456617,0.014218109620800279,0.005495749266570593,0.005420006355707718,0.00466423912249847
2023-04-10,-7.246712533348632e-05,0.037383140086171496,-0.015972180696506078,-0.017789907630764934,-0.001671223692849222
2023-04-11,0.003622721369175963,0.02702700090373522,-0.007591190485352284,-0.003842006784733676,0.0006200612997830923
2023-04-12,-0.0011549253171768692,0.008771921569070251,-0.004353166504659778,-0.02534422019203908,0.006072361857652364
2023-04-13,0.021104220027057696,-0.03043475421480002,0.03410348319421086,0.001695809210249033,0.011250820294536945
2023-04-14,-0.014722473505312528,-0.04932741371011595,-0.0021138649574286017,-0.015236753212650389,-0.006761319817234268
2023-04-17,0.007112052903520016,0.033018950679290615,0.0001208773490981585,0.045844989701805616,-0.002537340152254708
2023-04-18,-0.008488619307928214,0.004566205571678639,0.007504791544465261,-0.027396964088953868,-0.009864720599631949
2023-04-19,-0.0005036185679186955,-0.004545450112051319,0.006968390451619566,0.034929314837018,0.010150865353306227
2023-04-20,-0.02447263647823894,-0.0319635478686795,-0.005846412336728224,-0.010342777430417671,0.0032879348855792134
2023-04-21,0.021914033357972595,0.009434066238082961,-0.009780918827393625,-0.013201419743340437,0.004142333239701257
2023-04-24,-0.00014455419731507213,0.00467289251077152,0.0018786553959813101,-0.005016836928794066,0.010282616168922232
2023-04-25,-0.058564318978058694,-0.06511632497404563,-0.009435684760402463,-0.02577017134677473,0.004997468772840241
2023-04-26,0.021093433219924407,0.02487559828533148,-6.115856946997678e-05,0.02875209268895329,-0.01879929510002709
2023-04-27,0.0009769366644016841,-0.053398008811302855,0.028395238575417592,0.02235890928740214,-0.07991355946630929
2023-04-28,0.016360239241961283,-0.0051282001121667475,0.007541043847764328,-0.004920774214399626,0.01511411494460213
2023-05-01,0.0047996495043944876,-0.06185567073657816,-0.0005303461502290663,-0.012637504829406399,0.01713846433601618
2023-05-02,-0.011464021195086493,0.016483500288558606,-0.006191534620240913,-0.014468337472076764,-0.013597014187192613
2023-05-03,0.0018586044800574797,-0.03243246552193535,-0.0064671782941179146,0.0033879730628583182,-0.015631041946103097
2023-05-04,-0.006603860729185507,0.04469276235767472,-0.00991354084390994,0.05064707920905964,-0.012663225434585201
2023-05-05,-0.004332107500848004,-0.10962569111904186,0.046926893057818386,0.012854828282823583,0.004546447857999514
2023-05-08,-0.00637688014466864,0.0630630759634545,-0.0004033159757494964,-0.0015865754721027248,-0.0039180494389876586
2023-05-09,-0.038505080772605726,0.01694913656104502,-0.00997106534656067,-0.0015888651147075716,-0.0042047533420802585
2023-05-10,0.005575197750272709,0.02777781825006853,0.010420810822369342,0.004774760742979778,-0.0027922927967116706
2023-05-11,-0.0031234527074860408,-0.07567566696791173,0.0010947778686634102,-0.004224011582905529,0.0011609067299662712
2023-05-12,-0.0013317100609030463,-0.011695895017748925,-0.005417629759889242,-0.004241813630044278,0.003820376095001743
2023-05-15,0.003921817247518611,-0.02958584013766763,-0.0028972706695774564,0.008519882928001321,-0.0038058363687172303
2023-05-16,-0.013282221792616289,0.05487806961197439,0.0,-0.03273522409676488,-0.022511751916446054
2023-05-17,0.011719022751266017,0.005780341244511877,0.003603226620921385,0.022379980502829966,0.00041892512632069057
2023-05-18,0.010722432022430173,0.0057471209243953325,0.013666037704024303,0.005873194783361235,0.0006276653969490287
2023-05-19,-0.0020907659187470173,-0.02285712105887272,0.0006283480863511492,0.006899929554903261,0.011642497358071102
2023-05-22,0.0017071162585462485,0.029239737544372257,-0.005480713503710488,0.018450080743087627,-0.001447281060893424
2023-05-23,-0.003485899720349517,-0.02272725117600638,-0.015155000353882064,0.013975136303603808,-0.016424891566303335
2023-05-24,-0.05946825532906508,0.023255791388182345,0.0016320664037585697,-0.025012579327319262,-0.009612863426540885
2023-05-25,-0.012397787837920449,-0.005681812794001595,0.006692335867368726,-0.013089061564680704,-0.017924333418668392
2023-05-26,0.00778312195421571,0.08571427209036697,0.014104890933271275,0.006366038393617934,-0.0076467849624545225
2023-05-30,-0.022338521204901873,0.21052630588288435,0.010659481924422343,0.013178645565099734,-0.008141785138740532
2023-05-31,-0.01749767503889399,-0.03478257624548575,-0.0002819803434318535,-0.008844978679761528,0.011140521333801612
2023-06-01,0.005100724039370785,-0.004504500150622537,0.016022548791837732,-0.012073282927002271,-0.03276325930081947
2023-06-02,0.016858815494506407,0.027149294906732013,0.004775368471083619,0.040913662811396856,0.025704502178429678
2023-06-05,0.0010996727046068688,0.026431693076513385,-0.007571042883838919,-0.013271873829319047,-7.30357486244948e-05
2023-06-06,-0.007689057022435719,0.1673820247529656,-0.0020604533529460234,0.021727850534934756,-0.010448662217993787
2023-06-07,-0.007237866554896666,0.0,-0.007756176514826185,0.04943348266754266,0.007900834632085907
2023-06-08,-0.016296272587801308,0.14705876939024543,0.015464951304765329,-0.029440602810697714,0.008351717607898657
2023-06-09,0.009591034668928744,0.028846203810601434,0.002159940583070341,0.003033212212050884,0.003923181392146091
2023-06-12,0.023749868364967508,0.024922094316309096,0.015638699681727708,-0.0075602616637776565,-0.003256641058911214
2023-06-13,0.008098512141106573,0.10638302343748873,-0.002611555445240721,-0.0015238111041920854,0.004211116259723591
2023-06-14,-0.0008367815913232768,0.03296700057711699,0.0034913314897637715,-0.008646977849260384,-0.01503868485760751
2023-06-15,0.015326653791034373,0.15159572731077864,0.011198706283251258,0.014879531393637402,-0.002495726964426237
2023-06-16,-0.0008249680626623013,0.12009237646393411,-0.005860056113301759,-0.004044427848650445,0.0202368202564005
2023-06-20,-0.024518994469467037,0.07216493020922732,0.0004867161089114891,-0.02030469481416497,-0.005914252244104468
2023-06-21,0.00143858221681481,-0.19903843949532285,-0.005675231229707256,-0.010362537333647004,-0.006965845947385141
2023-06-22,0.002957955614963259,-0.09483793146321573,0.016525374456749953,-0.034031342904629724,0.0040187624808574185
2023-06-23,0.006235202060874467,0.15119368025070767,-0.001711342753396794,-0.020054358159875663,-0.010843631319289448
2023-06-26,-0.008792481450725753,0.07142855573281293,-0.007552970853915264,0.039270146133418615,-0.007136526805543331
2023-06-27,-0.01123603956813668,0.043010710787809936,0.015059028025886656,0.021820123293678106,-0.01741369088916911
2023-06-28,-0.00572452695970338,0.06597941813477615,0.00632770676560801,-0.028646062495899516,-0.000678985194176529
2023-06-29,0.014436725602486655,0.05029008669397461,0.0017965365550522971,0.027345774236201548,0.005433647448775503
2023-06-30,0.020581335081842234,0.09760593491040859,0.02310263538669144,0.002087987625776,0.011258690261984672
2023-07-03,-0.007733842166979477,0.01845639812254163,-0.007784758371282896,0.024999725704653475,0.002078399158161215
2023-07-05,0.001508531127556001,0.15815486177889482,-0.005871304709912151,-0.008130176319116611,0.01933183214064882
2023-07-06,-0.008953944133146208,-0.07396870062692218,0.0025086381439298755,-0.011782829365694192,-0.0026884923380957604
2023-07-07,-0.01207464224647592,0.10445465505850238,-0.005891281976125651,0.02332824409787415,-0.012750723434778899
2023-07-10,0.011623922795400254,0.15994437916764137,-0.01085574602954964,0.011144823687027072,-0.007453744939560081
2023-07-11,0.0010138226283722407,0.16906472681233575,-0.002810050781106632,0.02905832428341215,0.008030446310732131
2023-07-12,0.01282922549587151,-0.0215384654509716,0.008985626881019115,0.0024342373919374882,-0.004351946811939511
2023-07-13,-0.005416654431897205,0.11740040776074978,0.004057503799493878,0.013598835906739826,0.000674083762054245
2023-07-14,0.003351484591458176,-0.1425890737192046,0.0007871593060961857,-0.0038331950405773307,0.01811508925608485
2023-07-17,-0.012526102364956104,-0.027352296565572698,0.017305581040793383,0.0028859587230976036,-0.00867579793936113
2023-07-18,0.01107825634645132,-0.13723287063145573,-0.0013403191041511109,0.037410016611049146,0.01297939450736263
2023-07-19,0.029441260925543666,0.13037809518291277,0.007071754904167893,0.027739226781128057,0.00805386977182132
2023-07-20,0.011943418497482039,-0.06343716100288255,-0.010097299816538396,-0.004948096286892301,0.032756926883510395
2023-07-21,0.024648817722471295,-0.02586207402791285,-0.006161672585085598,-0.005877138477463739,0.010901061892672592
2023-07-24,0.0007835604524366602,0.0771176513424503,0.004219913066065173,0.019099592723450742,-0.003896202855260489
2023-07-25,-0.0032102580149363513,-0.010563397623515325,0.004513769704116433,-0.005354766595963567,-0.010825348266954249
2023-07-26,0.009111762623291275,-0.056939558544966795,0.004544827176694355,0.009421025152114959,0.001906340426206743
2023-07-27,-0.014088963082198758,-0.22138362192078653,-0.006580857393336137,-0.013333133342702363,0.048978292324645345
2023-07-28,-0.004816001073733811,0.0840064581776454,0.013507890310695103,0.009008968882112667,0.01343643507406811
2023-07-31,-0.03395484396313275,0.00596124614390825,0.0031660482523696576,0.004464122062391995,-0.008419077300975686
2023-08-01,0.005830667905696085,0.04148151256419985,-0.0042759342216105445,-0.013333133342702363,-0.0069527564426667965
2023-08-02,0.04270085622147746,0.05120905347555604,-0.015490036294899534,0.003153008391012957,0.00565500998780788
2023-08-03,-0.020828468901996744,-0.10825436107594344,-0.007321733659383933,0.0017961112569691018,-0.0022090173141373626
2023-08-04,0.009996079229835919,0.6707131978681689,-0.04801996401253761,0.008516328720326038,-0.008856395819998641
2023-08-07,0.0016626682521647673,0.12443232126056158,-0.01725360148670485,0.020444615476771677,0.017599840482166895
2023-08-08,0.014544293582428702,-0.01534737740720915,0.005311625074978954,-0.01916375327984221,-0.004722903200837014
2023-08-09,-0.005609717023496552,-0.002461011813279179,-0.008954393084373402,-0.006216697372004254,0.0076860917547190155
2023-08-10,0.00015680881112944967,0.1874999803932087,-0.0012347241162221634,-0.008489690178031029,0.004443904249833652
2023-08-11,-0.0061888605836525334,-0.14196671029308516,0.0003377260523869108,0.004055819342251743,0.0048863445856779375
2023-08-14,-0.0016553288175229497,0.19774009212077992,0.009393059267965409,-0.01570911120152385,0.0005915008883208284
2023-08-15,-0.007895861076188226,-0.003369285055306648,-0.01120029652939003,-0.030551879530181902,-0.0009851095302426671
2023-08-16,-0.03414239689184195,-0.11899933964985132,-0.004959049419543282,-0.013640535308278245,-0.003747043335245115
2023-08-17,-0.004202282345059372,-0.007674553326533884,-0.014555213257356536,-0.0057223738420763,-0.010095704729309096
2023-08-18,-0.013239605783146424,-0.010054146277852727,0.0028162476054731655,0.0023978387491072617,0.0008000592749000113
2023-08-21,-0.0032704457288805777,0.2062499492429204,0.007736669057592849,-0.01339692801249348,0.00013300175753094834
2023-08-22,-0.010264216926011205,0.00259067117487799,0.007904930765553875,-0.007759547232910502,-0.012786412951412918
2023-08-23,0.012665709324782393,-0.009689898124415786,0.02194881868395493,0.022971829778435593,-0.007825052397748
2023-08-24,0.0030219391393431216,-0.08088713485253507,-0.026170532617759368,-0.00047798118167341475,-0.0030595025105071283
2023-08-25,0.0015901304690766338,-0.07806957910271495,0.012643338552016825,-0.006213952524888988,0.0004091115785791466
2023-08-28,0.0020052814741640113,-0.001539607732235826,0.008846014648858258,0.024530959331059643,0.0050446815443536686
2023-08-29,0.017511710364698896,0.08712413964350518,0.0218103398647278,0.01079805843447379,0.0010850075665727044
2023-08-30,0.005408929495897219,0.0794326138480812,0.019172187993552692,0.0018579443820769814,0.004946435849166431
2023-08-31,-0.013123493158402999,-0.09526936818827014,0.0011723732306854195,-0.007417795993568954,-0.00916947290919845
2023-09-01,0.0069380974604007495,0.012345614885131084,0.008463250831083347,0.006072037753098947,0.008437722832549177
2023-09-05,-0.0260847490823487,-0.07101863708169087,0.0012668598164169431,-0.03481890884153094,-0.014170069829070986
2023-09-06,-0.0066537547707772315,-0.03861003917870898,-0.03579326213170031,0.01661762990743254,-0.0033539410952190263
2023-09-07,-0.014244584736488597,-0.010441776420283433,-0.02924946576971399,-0.006730824777246069,0.02266345564161587
2023-09-08,-0.019525294890322398,-0.04220775300082302,0.003491703401366175,-0.008712399382523106,0.000738590293646979
2023-09-11,-0.007807620808960802,-0.01271191269321903,0.006622580052498606,0.0,0.0001342198175506848
2023-09-12,-0.0028293523787855657,-0.024892701403333883,-0.01706063355343168,0.005371182165183841,0.0015432661596335162
2023-09-13,0.005763420225879168,-0.19718308440278198,-0.01185474280066301,-0.017484343130683477,0.01266160218569956
2023-09-14,0.012783196113757889,0.06962721895285506,0.00878248951287186,0.027187375920625145,0.01640634294472032
2023-09-15,0.008965946474854602,0.008713484074812206,-0.00415386436986076,-0.010105750610663544,-0.009893121115737591
2023-09-18,-0.027780135151396212,0.00406503671064562,0.01691323780396492,-0.008264485758131657,0.011964241754905292
2023-09-19,-0.0033720969859992733,-0.024291474528160495,0.006180959517581908,0.007352778765510992,-0.002923373817810715
2023-09-20,0.0014245582699718984,0.0207468674421436,-0.01999228527167607,-0.011192174588164683,0.000782078194671687
2023-09-21,-0.024362016305697676,-0.053861760645583234,-0.008889450180139424,-0.052165353613433996,-0.0011720945922608639
2023-09-22,0.015310365273764281,0.02900101954028389,0.004944641675191042,-0.013499403914721708,-0.004497011167747478
2023-09-25,0.004757225049849545,-0.01983294174284278,0.007380160554043336,-0.0021054394266969423,0.012504796115671013
2023-09-26,-0.01080948207593746,0.038338620182611916,-0.023398307118831174,-0.00474650848616498,-0.004784921619534255
2023-09-27,-0.0020771316838681386,0.05435894697140431,-0.008897582127792347,0.006359159318330976,-0.005067732251675672
2023-09-28,0.013574597981607317,0.07198450817260871,0.0015255324169543005,0.027382897480619617,-0.005746737967368798
2023-09-29,-0.0016069865139252126,-0.004537222201260183,0.00304677809753362,-0.003075386380450351,-0.020952546484844792
2023-10-02,-0.006227939374682356,0.02734732756903724,0.01483541189590909,-0.02107955238825099,-0.0054339524749158485
2023-10-03,-0.005770960907999889,-0.08429465167279715,-0.007769797504275311,-0.048319587289820665,-0.005531264775407219
2023-10-04,0.012787908743741916,-0.13662789623135996,0.007308656841027883,0.01600441398015673,0.0017635650507239475
2023-10-05,-0.011820608506169838,0.023569028254020408,0.007197932463316237,-0.0010863422623910157,-0.0016251420539226125
2023-10-06,0.002627979564864491,-0.004385960784535126,0.014750370360723686,-0.010875466919678334,0.005357747348802455
2023-10-09,0.005784523216819659,-0.1646475658723232,0.00845127238205845,0.009345937862922371,0.00586889908354582
2023-10-10,0.018062700744029714,-0.01647989444579323,-0.003352281961084058,0.004901852340901458,-0.0014753085820130574
2023-10-11,0.0007943112907922156,0.04423591447970354,0.007904179073160655,0.02113843398852966,0.0030223091228700483
2023-10-12,-0.03916025041654814,0.020539133272864607,0.00506106707067322,-0.021231624190168552,0.002975823328920546
2023-10-13,0.014411571787023014,-0.05031441863232544,-0.01029260114854702,-0.008134540506930299,-0.002292583405759774
2023-10-16,0.008958340558739453,0.013245020146527287,-0.0007269852126320364,0.024056911314797258,-0.004933846382207174
2023-10-17,0.008071876411789969,-0.007843129677328364,-0.008784853376800461,0.017084966047600014,0.013244449658790014
2023-10-18,-0.03371888504006504,-0.005270087094713549,-0.007394700409682375,-0.023622080470984685,0.0006705404925773095
2023-10-19,0.008286517861143095,-0.01324508330376517,-0.002161046356063623,-0.02795705479746513,-0.025187461998393612
2023-10-20,-0.0025568029175213614,-0.07248321821182602,-0.014704222184426019,-0.005531085797352953,0.004878827123802942
2023-10-23,0.001006972559556507,0.0376266620294079,0.0006940451884311916,-0.022246689504539896,-0.010257820140218477
2023-10-24,-0.033839329429865006,0.03765690070481442,0.0025434825195405075,0.002275262477061446,0.010917015010185827
2023-10-25,-0.021204038832558725,-0.0430107754301452,-0.013491691072672785,-0.006810532349128207,-0.007176690189558688
2023-10-26,0.00880063107448148,-0.035112360114928465,-0.024605549406339522,0.020000043518036748,-0.00041309268650679964
2023-10-27,-0.014763669796286405,0.02474528080434024,0.007969287418531978,-0.007843260648022876,-0.04318180859778753
2023-10-30,-0.015568774116806128,0.005681812794001706,0.012305306196688237,0.012422506036855907,0.021305758864274216
2023-10-31,0.02174567417855644,0.049435015311322106,0.002818766288140928,-0.010038937206115595,-0.0050039848817515775
2023-11-01,-0.0049337707634058425,0.03903095135304624,0.018738594017828403,0.012394091443400201,0.009137477376012226
2023-11-02,0.015652390746649925,0.11010361758202425,0.02069329029304945,0.06010038135969831,0.00554481236692439
2023-11-03,0.04355306007761284,0.10501757342513529,-0.005181138323227419,0.04724393884644029,-0.012843607844689853
2023-11-06,-0.01366710886307898,0.023231183437285807,0.014605255832444541,-0.01253126533576121,-0.0015556113097829893
2023-11-07,0.02799209454758156,0.02063991450983549,0.014450829576232671,-0.03045671924354587,0.006798843450290359
2023-11-08,-0.010403436278917932,-0.004044485385688912,0.005884759446490584,-0.006282804856032387,-0.0009145893262698657
2023-11-09,-0.015083694830576477,-0.009137070974860384,-0.0026244022281415313,-0.029504870907900105,-0.028092670347734994
2023-11-10,0.006775666550998594,-0.0404713574283313,0.023219903709961853,-0.0010857525129703838,0.003984429279006774
2023-11-13,-0.009311383084238956,0.17458625401403727,-0.008583584815530121,0.0043478455819820905,0.0003610052898610494
2023-11-14,0.03861901455329275,0.11636361208829005,0.014285694086346279,0.0811688787420064,-0.004183593215642767
2023-11-15,0.017829992286943153,0.03501631225782953,0.00304097725876451,-0.0035035322254025614,-0.0033320140974226753
2023-11-16,0.005193704232297369,0.009441375704085209,0.009042051536284568,-0.03264693682222397,0.004941951219398
2023-11-17,-0.009107731123990548,-0.0062353799050488545,-0.00010532755695402685,-0.0015574883446490828,0.00014449277442896147
2023-11-20,0.0073354625689672215,0.13411765005074305,0.009278228469650651,-0.0078003595511748625,7.223594964167468e-05
2023-11-21,0.08720829532073604,-0.07814661904978293,-0.0042309303253711406,-0.024108926232202732,0.0030368362752988265
2023-11-22,0.0005648714433619251,-0.009002242028949614,0.0035144047135868828,0.007518630418153149,-0.0018742876469960423
2023-11-24,0.02121142763315831,-0.012869044345422465,-0.007004193855273733,0.0015993374865965748,0.0014444581239800858
2023-11-27,-0.012715248712152794,0.10429445250427638,-0.0009475405896661737,0.011708320995966082,0.003028835757412862
2023-11-28,-0.00239986621006516,0.014583336368755084,0.0032140518352716807,0.029457972679520772,-0.007261342168970342
2023-11-29,0.02309353245792134,0.019849416062134306,-0.005409635967043802,0.011752640974292072,0.003041426911522649
2023-11-30,0.001645991491227905,-0.11073823226668167,0.003062742886168035,0.01717187527545061,0.028086780411280543
2023-12-01,0.0077463107662458786,0.24150949154260015,0.006791274652022672,0.04766633460737113,0.007163329132346741
2023-12-04,0.0006990745869173143,0.013981734441891325,-0.009464482771646687,0.011848380670510528,0.0051600462645760015
2023-12-05,-0.007759303388367611,-0.03297368910949694,0.021063217483797914,0.0018733958175127796,0.0029138035280193986
2023-12-06,0.008054382626081047,0.06757595841908826,-0.005687143833339681,0.00569809445396352,0.012519691586345472
2023-12-07,-0.0017841362624498869,0.025551716120939982,0.010139339391660451,0.014164377822948326,0.010862206715354983
2023-12-08,-0.011501410610852414,0.1189128199102143,0.007412303434708889,0.001396596853308063,0.008853208896200782
2023-12-11,0.01391520831434967,-0.06072878284614058,-0.012927236934262565,-0.0023245119817525417,0.013129706788699291
2023-12-12,-0.0013958985278338387,0.0010776109018952873,0.00792006432739889,-0.0018639617529218055,0.013223986661055509
2023-12-13,0.03843491121603049,0.163616842196465,0.016691444816509193,0.05135394206873167,0.006917120628009643
2023-12-14,0.03155362842508991,0.0726179294116942,0.0007578116325639428,0.04218456698366513,0.0037589988423085696
2023-12-15,-0.008553273890010149,-0.06317378692753117,-0.002725668111056345,-0.02002545535028266,-0.0054236653332569995
2023-12-18,0.005483419672000611,0.0356731693865151,-0.008503465001335364,-0.019130459351260343,-0.004024972023525919
2023-12-19,0.016432656723113226,0.022666676839192768,0.0053601874437454455,0.004875892908910107,0.0011734692805844826
2023-12-20,-0.011517146189177985,-0.10386785597022907,-0.010713948440742582,-0.0017644737609751049,-0.012434916165338539
2023-12-21,0.005499967407600614,0.005819540591698091,-0.000769986069247941,0.005302777895382027,0.005933092889434555
2023-12-22,0.004534646978565204,0.00771455396228693,-0.00554746113824367,-0.004395718081880107,0.015400802823197113
2023-12-26,0.001719365398464845,0.09186603403531368,-0.0028408488693331124,0.017218558149209695,-0.002065377840388516
2023-12-27,7.137476850083146e-05,-0.013146329582492955,0.0005179243629789276,-0.007378383548299228,0.0016815665664215995
2023-12-28,-0.0003575102242298067,-0.027531120187861968,0.002226359581781523,0.004372471434950453,-0.0008392677864532683
2023-12-29,-0.003612023260489594,-0.11780821774640748,-0.0054242295539917995,-0.02002611463235493,0.0014215083628152936
2024-01-02,-0.0020138432899005076,-0.032608652728673526,-0.03578660149193069,0.01910266310837927,0.03129637687827502
2024-01-03,-0.05470288083306807,-0.06581066957936177,-0.007487627774161787,-0.029642550679382595,0.004004424446407251
2024-01-04,-0.0012197166312999386,0.06128302739284863,-0.012700104711482862,0.008984584394901018,0.006232321813266939
2024-01-05,-0.0033589633828562393,0.08742573512435392,-0.0040130173380025225,0.014247681096911657,0.0042114465520528555
2024-01-08,0.021599277496390012,0.0014888678517848142,0.02417477985773231,0.019754087883436577,-0.004379026704072864
2024-01-09,-0.020242877590474717,0.07879088843125959,-0.0022633349267684455,-0.0034437866320934374,0.005451244634147923
2024-01-10,0.003137313398367647,-0.007808914686233681,0.005671422144407412,0.025917879540116262,0.015895568565616358
2024-01-11,-0.01075603503713074,-0.15092593385685926,-0.003222536290269362,-0.012631468909673038,-0.006731732162136184
2024-01-12,0.006631838285493741,-0.05070884936958697,0.0017779759564116038,-0.0008529360745596071,0.0010478844117871589
2024-01-16,-7.643217440689298e-05,-0.0068925291749846185,-0.01231692927967487,-0.022620456613892892,-0.005665094831026063
2024-01-17,-0.018463319837540904,-0.02486988330865947,-0.005173481160951732,-0.01877751384236015,0.0034680208095085874
2024-01-18,0.01826417343723996,-0.014234861354086248,0.032570581555144695,-0.00801057447739395,0.007775808344541613
2024-01-19,0.0058256254344728475,-0.04873648488059046,0.015533012254948853,0.03185289978713901,0.009001763993882417
2024-01-22,0.010135562473378545,0.08159392331529758,0.0121633092507476,0.0226086835253394,0.003762994230211092
2024-01-23,-0.006865421840920871,0.06023384539880028,0.006653270334422645,-0.004251722292008764,0.012757719709233672
2024-01-24,-0.014129288268640239,-0.08494203416794832,-0.003484002811394382,-0.004269876621625146,-0.019582115311353343
2024-01-25,0.000770458527228346,-0.015069318728185954,-0.0016965273819898874,0.018439059689232318,0.005541371002150797
2024-01-26,0.008546406676466,-0.08261936161952343,-0.009012939204357973,-0.006315646757008908,-0.004420845381082561
2024-01-29,0.014046824550869808,0.06504338868292048,-0.0035858186901752687,0.008474442392510717,-0.0029804139648301753
2024-01-30,0.010916172829588788,0.045411861856587965,-0.01924575286144181,-0.02352934072426416,0.006161809653161043
2024-01-31,-0.031128866455184978,-0.05751953032369961,-0.019357681178374664,-0.03485368077166984,-0.003153057725635011
2024-02-01,0.02267487067328,0.05022256443213036,0.01334068851649528,0.00044581516434560875,0.019403903615127005
2024-02-02,-0.0006011950762875307,0.13983047227197765,-0.005405185312531091,-0.007130235297764798,0.00644431221305064
2024-02-05,-0.001128193881212769,0.048327129638830346,0.009846651138721851,-0.027378564755149548,0.015355451259479569
2024-02-06,0.022887988477871657,-0.019250211001652695,0.008631755708136124,0.005537502394477478,0.011853345338246779
2024-02-07,-0.022596734673523966,-0.011880239789970992,0.0005811246145694948,-0.008260654371605836,0.009925452495376907
2024-02-08,0.009639347721855929,-0.01254572826173328,-0.0057546369646443996,0.02637657885172162,-0.0012569994293661901
2024-02-09,-0.005445044408946997,0.06034946182273471,0.004093937831302519,0.003606909076123266,-0.004062013923930685
2024-02-12,-0.007724751456560708,0.048926585553724866,-0.00900198395779872,0.012129404139466171,-0.005801920171519703
2024-02-13,-0.019272647842869417,-0.10661588513639808,-0.011274310411253596,-0.04749225042800487,0.00127118167329332
2024-02-14,0.01911231015605197,0.11241335383826212,-0.004809862433023171,0.0032618602755636328,0.0065208112781538485
2024-02-15,0.018980345382135777,0.07327589789947742,-0.0015746909075146087,0.02136562583227075,0.01244130235295704
2024-02-16,0.0006678832921653832,-0.04774652842970817,-0.008430327336758525,-0.009549824177152333,0.005096531587369668
2024-02-20,-0.005191168037359195,-0.07075914798898064,-0.004114045771085317,-0.006887278244606665,-0.009803439323987306
2024-02-21,0.00887118592667302,-0.03227430116544483,0.004186167831417009,0.01063366657547693,-0.00347086850721956
2024-02-22,-0.024458659368010616,0.06044814044446678,0.011243941547872005,-0.010521781459654878,0.009192714650839484
2024-02-23,7.580859193589973e-05,-0.3046683364480445,-0.010034272141216993,-0.004623040227190511,0.007581348740687499
2024-02-26,-0.0040898550602948,0.04098939500652077,-0.007451246330580363,-0.02368778508824332,0.004042848276680999
2024-02-27,0.008061307247494875,0.046843214901611585,0.008114409100950404,0.01094185614212817,0.0010066869973761605
2024-02-28,0.03364767615077313,-0.08690013916718131,-0.006625457920487299,0.0,-0.005530942774012226
2024-02-29,0.002554642685481001,0.13494315545636493,-0.003692874173539251,0.015058861075003316,-0.010955102952860951
2024-03-01,0.01237624622507627,-0.03566956890816342,-0.006030562766746517,0.0009271797898366962,0.01624536430199308
2024-03-04,0.027326287583942843,-0.029201804913755902,-0.025381261494409002,-0.005558022014447994,-0.010396320001041959
2024-03-05,0.010429880820146398,-0.014705900164961427,-0.028440973742436926,0.007451985690899221,0.011917624155816098
2024-03-06,0.01295453650910705,0.0108548066415588,-0.005878241896471348,-0.023244811886750205,0.010604974692684177
2024-03-07,0.021132387563963295,-0.004026809897885175,-0.0007094547001919027,0.008173079529888216,-0.002706174934256289
2024-03-08,-0.00964417479818036,-0.0053908303829838244,0.010236626149867423,0.0014306041129232838,-0.009525466225453694
2024-03-11,-0.003922475964291849,-0.030487791482861404,0.011831546570912232,0.007619119040093381,0.004361126123456849
2024-03-12,0.0037341790545180054,-0.0034940733241574096,0.0027786318421665346,0.006616173279335058,0.007181418994654631
2024-03-13,-0.00013518469009432543,-0.01963539145521198,-0.012122574658724461,-0.0032863917561501976,-0.005858785717234749
2024-03-14,-0.017656695083247187,-0.07582256800080112,0.010927219149880818,-0.010362646757156146,0.007450168264386381
2024-03-15,0.0156324920182338,-0.017027884344402833,-0.002196516045507968,0.007615492395243617,-0.01832230700579629
2024-03-18,-0.009425056518391872,0.022047223399713767,0.006372482627919451,-0.0028341771936105653,0.0034293067863468973
2024-03-19,0.008898693531697033,0.04776585986894255,0.01358503624199181,0.0009472813452793272,0.006554927789293785
2024-03-20,-0.000746308182448141,0.06397057802619432,0.014709199101506032,0.017984029464477302,-0.01886900903233124
2024-03-21,0.009913114150311264,0.031098811400197546,-0.04085746364987308,-0.004648995900013997,0.006977941306299584
2024-03-22,-0.008672967271354803,-0.016085775461857743,0.005310260247630705,-0.01681463266298089,0.0053522121958538005
2024-03-25,-0.012817828589998137,-0.012261600915111526,-0.008300450762396827,0.013776777530638329,0.00044818980422300925
2024-03-26,-0.007900587300014084,-0.004137959973565475,-0.00667256085343515,-0.011715221687789823,0.0036968257774188107
2024-03-27,0.020497153614406516,-0.03324096649479169,0.021212721771645793,0.026078931302564,0.006473652149352471
2024-03-28,-0.012621258901618249,-0.007163351088572134,-0.01055929740853323,0.01247679611567687,0.009703376375671535
2024-04-01,0.0019688153447812162,0.004329034711612945,-0.00845564196454851,-0.03605653232704964,-0.007358612546208287
2024-04-02,-0.009549518590163952,-0.038074693251891056,-0.00699879462194275,-0.0009470269770645023,-0.0003872758771100715
2024-04-03,-0.0030517559512226455,0.026885709294008242,0.0047973969223378266,0.0014216926646237749,-0.018595384066636522
2024-04-04,-0.01662838823972068,-0.054545454545454564,-0.004892304512770229,-0.012777942323316638,-0.05317767438276966
2024-04-05,0.019668734583074166,-0.03692304171048677,0.004501803203692978,-0.00431454212338267,0.01250739695243186
2024-04-08,0.0023591821174890892,-0.01198087593611663,-0.006663511024244895,0.03129515846465303,-0.0011764035419041807
2024-04-09,0.020351797268202132,-0.021826960920554028,0.00724241857576069,0.03968245534779613,0.002002429460255861
2024-04-10,-0.021981080766802052,-0.028925650449212137,-0.011139227816882702,-0.06555897469895267,-0.006524276070649981
2024-04-11,0.005826792946725945,0.013617008290392363,0.04327093837280005,0.011052358681970409,-0.008933242130652719
2024-04-12,-0.02944830596333181,-0.05709490460854516,0.00862666154617786,-0.012832697859556985,-0.02223285935627517
2024-04-15,-0.0036239083134593786,-0.006233276729972093,-0.021863549560326545,-0.011555038224725922,-0.003758876112120668
2024-04-16,-0.024390179728711492,0.07437275403713595,-0.019167299585260533,-0.008280666708283868,0.005381168901859468
2024-04-17,-0.016447273792957184,-0.0008340474622797744,-0.008147382826483973,0.004911587002478512,0.010520568660771001
2024-04-18,-0.01568195003666284,-0.026711160855727667,-0.005714388576047447,0.004887581222074777,0.002496207743635459
2024-04-19,0.002189663765608918,0.03945111871069784,-0.01221247420487137,0.020914468293235622,0.010627891369960452
2024-04-22,0.008890195814551305,-0.08168315020347017,0.005090837571588791,0.013816158198503903,0.008893765992106673
2024-04-23,0.03950394806444746,0.011680153917720704,0.006391598080021321,0.015977350508227905,0.009827877456698664
2024-04-24,-0.012284286191831528,-0.03641206386128326,0.012702469901708868,-0.015263526545191364,-0.010263126698166647
2024-04-25,-0.008146252399656051,-0.017511569343546918,0.005147224442345388,-0.0023487588014645677,-0.00303935756959961
2024-04-26,0.01004640896931952,0.017823690129202374,-0.003472914654127579,-0.00047074184028972343,-0.04584854754153933
2024-04-29,0.013430982361770427,-0.058064524635120685,0.024808049733793025,0.023080594167450785,0.011903318354375303
2024-04-30,-0.0182678497605554,-0.03620351036122327,-0.018270896283629545,-0.017034890384454493,0.006934092686009086
2024-05-01,0.012040429783790163,0.005076064479612397,-0.006047098276950602,0.004683739980685386,-0.005656606943939768
2024-05-02,-0.008436107439859564,0.04545462427060776,0.022032004314585407,0.0051281335526849325,-0.005626988738200112
2024-05-03,0.014034297789355055,0.06956514848478212,0.0598162411599894,-0.0023189648563929355,0.018531154446937315
2024-05-06,0.00831847818622089,0.07949414080402928,-0.009106763212353264,0.010227848178495869,-0.006471796410573383
2024-05-07,0.004693913338563505,-0.024267779621902852,0.0037971425165659323,0.013805784234902418,-0.001105935846586581
2024-05-08,0.010830274626880687,-0.07118352783600335,0.001864079179896061,0.0022694903959936674,-0.012919269715863213
2024-05-09,0.01638649835468664,-0.026777466657062376,0.010014318529958599,0.005434926455940792,-0.00031163000825495946
2024-05-10,0.031831238587122224,-0.030360502465121453,-0.006890249628078382,-0.01126138837098778,0.0021819914770917492
2024-05-13,-0.013354716646465814,-0.02152644435231188,0.01764529074647725,0.014123115745481751,0.0032971922319733338
2024-05-14,0.023822543151986286,0.11599998474121098,0.0061736203048632365,0.014824773882840425,0.001922123411029819
2024-05-15,0.018508684433865552,-0.01344082621695164,0.01221790782018406,0.0013281016542858737,0.013614690890003
2024-05-16,0.001492636933051683,0.019981771914716395,0.0006325343237543191,0.007515383542195719,0.0034191405835912736
2024-05-17,-0.0005184215994920027,0.04407843805974232,0.0001579528662509766,0.007020598325896854,0.012595060212458487
2024-05-20,0.0026583386474856585,0.05756922943280407,0.006162176311344636,-0.034422688202335294,-0.011176732450066229
2024-05-21,-0.006272398316081063,-0.032258034744817476,0.006857240711112267,0.007220191552023358,-0.00990519536765222
2024-05-22,-0.005206105998170729,-0.001666704813639286,-0.0075384323685394605,-0.024193453552310173,-0.020376804730052323
2024-05-23,-0.015176246378898584,-0.006677790213931889,-0.02105811765187715,-0.03213964027366101,-0.008458192219806593
2024-05-24,0.0007307857565290732,0.05378154317972972,0.016588193438469512,0.0023718657019931033,-0.007582416539312242
2024-05-28,-0.016261858178859168,-0.012759158524627834,5.2612157297682316e-05,-0.010411689056289752,-0.010951173392504732
2024-05-29,-0.01841993655035956,-0.03231022362738112,0.001579007885356809,0.0,-0.003540693596039479
2024-05-30,-0.0966455806015245,-0.032554207391533474,0.005255222957861072,0.01004315993358551,0.009819877313850256
2024-05-31,-0.007685231843636897,-0.09490943632335602,0.005018502125256008,0.029829407954735432,0.03153980928980049
2024-06-03,0.007591276256208923,0.022878910996637858,0.009258852434009146,0.001839191947228036,-0.0065119701092726245
2024-06-04,-0.0041855106482096005,-0.06337366081189422,0.0016491583666877752,0.0013767675417877268,0.012173097746176254
2024-06-05,0.020710651788142576,0.05273629083706877,0.007820940061992632,0.0004583228784593718,0.02035280946851148
2024-06-06,-0.005540417122498198,-0.018903573790866268,-0.007096465518745987,0.00767613887368479,0.018919136691087468
2024-06-07,0.0012043705479898303,0.016377656495151438,0.01239189655649442,-0.011542040384556973,0.005042425775179327
2024-06-10,0.00037615870521867656,-0.036018967542260194,-0.0191477778561584,0.001401296975371391,0.006138660991795719
2024-06-11,-0.006915759421982637,0.0,0.07264921475444486,-0.02565308236758357,-0.016191591782641956
2024-06-12,0.007948094079480938,0.02654862360509891,0.028578463281793143,0.016754352585444998,-0.009600448990295218
2024-06-13,-0.019450456436823638,-0.033524850753160695,0.005491066575234127,0.028248829251362517,0.0028298684748577774
2024-06-14,-0.005514237982158776,-0.0009911029465416998,-0.008168470783271542,-0.008699682972170164,0.012187651843656111
2024-06-17,0.015248266454109816,0.008928586633837998,0.019671564393159757,-0.005080850620939992,0.006465373110557282
2024-06-18,0.023287636889641083,-0.012782705355523616,-0.010984543414208958,0.011606247165624195,0.009901083292693125
2024-06-20,-0.01608591186490127,-0.1165338725836016,-0.021512861044404752,-0.013308807647477328,0.004493482862633069
2024-06-21,0.003917727150751338,0.025930157708919488,-0.010444432519044589,0.0013953370873516224,-0.010108700035837415
2024-06-24,0.013733463926065115,-0.04725277880772272,0.003132746947176912,0.003715776746169741,0.0137918956986669
2024-06-25,-0.0028870356406478503,-0.009227211418924353,0.004468089368858008,-0.010180604090349044,-0.011520203679068475
2024-06-26,-0.011879347329244005,-0.00931314578404907,0.019993280456893636,-0.00093497713105406,0.0023425619190653446
2024-06-27,-0.017206298164883282,0.001175114995637383,0.003986054560092267,0.00935899372794835,-0.012620362990887646
2024-06-28,-0.008944983024617326,-0.026995361919383676,-0.01625432435828722,0.037552120229987995,0.01497130828314952
2024-07-01,-0.017202773352863687,-0.025331729687973592,0.029104651320211117,0.0008936174781293271,-0.006704802989885739
2024-07-02,-0.01088352856138175,-0.022277206687900897,0.01623991560814364,-0.008035647164889803,-0.025884870554299444
2024-07-03,0.0027825838309798456,0.0341772123629267,0.005811078157665017,0.00044998063593015836,-0.012774159049933287
2024-07-05,0.001902806333693663,-0.061199509832417176,0.021620388828773818,-0.01979305841031731,0.020812992687598175
2024-07-08,-0.0023738844300391637,0.1134289278885452,0.006538849947542724,0.008719461383766447,-0.0043646999736779435
2024-07-09,-0.0051558986127301365,-0.005854823297213985,0.0037748692677810336,0.0027299155589111113,0.009188065760930009
2024-07-10,0.013155810131080914,0.061248583248805666,0.0188036342403739,0.0027223001879208564,0.0005356035697996475
2024-07-11,0.029511356048247395,0.024417237265907943,-0.023220852582108265,0.049321341174009214,0.010526988969670192
2024-07-12,0.010777997552864793,0.016251417079512276,0.013050801958017777,0.01724869749073843,0.0021774075262581682
2024-07-15,-0.009226274052018035,0.08742000904262182,0.016743338476410186,0.01780426275211111,-0.004148478996282012
2024-07-16,0.038546684515715635,0.16568632996664467,0.0017918093703710447,0.02623892975904618,0.006962952408199774
2024-07-17,-0.01881534051951239,-0.07863754353394792,-0.02529598770767716,-0.004058271285417803,0.035874787466152025
2024-07-18,-0.01146065610342517,-0.050661826475670635,-0.020534685201448633,-0.015077488819064344,-0.023563639393488045
2024-07-19,-0.0014396276640582517,-0.06971148599886845,0.0005797528794804219,-0.010757185714180717,0.006894925156730514
2024-07-22,0.012444965350570047,-0.002584038419816359,-0.0015602841726495287,0.026767016342359895,0.007486043516839125
2024-07-23,-0.020761589891408416,0.020725468481408438,0.004688372742505997,0.01384928140691688,-0.0026497047535024576
2024-07-24,0.02686578803254136,-0.09035536130506794,-0.028754266787113125,-0.024909529994021407,0.01767271620933486
2024-07-25,0.006112152893259504,-0.03906254240843854,-0.004804578477365595,0.014008974708705546,0.033823190588153196
2024-07-26,0.017336011820385355,0.006968690128827948,0.002160980729152273,0.02478673949310406,0.01641326813361177
2024-07-29,0.00043667190307949966,-0.05190309173070873,0.0012846631337550818,-0.014274345854885961,-0.017390348453503957
2024-07-30,0.015358937183661325,-0.01216549613396456,0.002565959539196472,0.038616250744268,0.026602090731451034
2024-07-31,0.01369265248213214,0.17610841444948155,0.014990826082749598,0.027110721054672604,-0.007816628355042488
2024-08-01,0.010325418947582765,-0.12041890567921532,-0.016750715114762782,-0.018099548200315785,0.023688741396525437
2024-08-02,-0.026739512936163057,-0.08928566157412132,0.006869431930056402,-0.011904688058760438,-0.00221388541598444
2024-08-05,-0.031214113701257817,-0.08888892767302914,-0.048167041030217295,-0.04741551239516173,-0.02604471352272031
2024-08-06,0.011581367565062672,0.04591107335637057,-0.009748164184018027,0.0407996877524901,0.0073225877132221395
2024-08-07,-0.016879370426598928,-0.05761317949131872,0.012498255079392617,-0.008624101942963591,0.009692588775746636
2024-08-08,0.020901594748543362,0.2474526692261787,0.016633159822531995,-0.0027678958570501733,0.015412451330002686
2024-08-09,0.0010236719079925738,-0.09684946945882933,0.013736047737561208,-0.003568646508250506,-0.002468551399131047
2024-08-12,-0.009495820283394019,0.014211903975096973,0.007129894150092353,-0.027059200210828194,0.0013162823006849234
2024-08-13,0.013421801153799207,0.021656121681069118,0.017193024691488423,0.009815950818919505,0.005521118312561857
2024-08-14,-0.01011497620540891,0.014962578392737846,0.0020337215221548632,0.005265190722096635,0.009255892180298764
2024-08-15,0.02837604057194243,0.04791147090900982,0.013530556893823542,0.0229654033911888,0.002072551143373902
2024-08-16,0.001072282196243668,-0.029308324481379433,0.0059185060327426875,-0.00039387905741949947,0.0025852496796694435
2024-08-19,0.003356167603050242,0.0386474225626221,-0.000707805936397965,0.021276656680169426,0.015317233073101955
2024-08-20,-0.00540884376696027,0.02093015622293537,0.0027446991853077307,-0.011188307307854695,-0.0036572255594460312
2024-08-21,0.0017174141202358495,0.015945369883898275,-0.00048571707862365976,0.015606685189633263,0.001937336293605263
2024-08-22,0.0016428964212391595,0.012331799970448865,-0.008259647352921728,0.0007683119453543164,-0.0008141139014792298
2024-08-23,0.004635438381092705,0.07530457644344102,0.01028816589495296,0.022648848176580527,0.006008972044946326
2024-08-26,-0.0026973475610320152,-0.00926881073473873,0.0014987735006477543,-0.0033784257483412405,-0.0005567291894407189
2024-08-27,0.004342020031002258,-0.04573800266295214,0.0037415622584473507,0.013182690669716779,-0.007698634035490648
2024-08-28,-0.0002836057909954004,-0.006535993205018742,-0.006753503112814863,0.0022304645762878383,-0.0026542083282014017
2024-08-29,0.010421118526571904,0.12938599999811773,0.014570230856002508,0.0040801345006451495,-0.0011258702941288057
2024-08-30,0.0027362297946433856,0.10194176420301115,-0.0034379157082934375,0.006649446284737737,0.00578967468142455
2024-09-03,-0.027707838852126465,0.08017619531518227,-0.027205298500351915,-0.01064223595949354,0.007029611289713689
2024-09-04,-0.005757038785423552,0.06035887090563752,-0.008618730072864067,-0.009643811297973315,-0.0034397809662124468
2024-09-05,0.0014476490778692064,-0.05846155606783354,0.006927720011340233,-0.015740564010220393,-0.02106480794756871
2024-09-06,-0.008384005436667286,-0.03513066662926767,-0.007014878971716598,0.002697458884477255,0.002799909946602508
2024-09-09,0.006487030189378018,0.10245554573707993,0.00040746221699805574,-0.01960026334235765,0.015615365014909566
2024-09-10,-0.00043457037923400055,-0.038786489760819665,-0.0036213045887718565,0.02156008314253466,0.014916974267619176
2024-09-11,0.004853941547271923,0.04115056935841066,0.011585017211956039,-0.009977006682246436,-0.02387757004512181
2024-09-12,-0.016654669251338072,0.1143515545147844,0.0004940468523391139,0.020930350631246597,-0.002929220791194842
2024-09-13,0.0067454930858696915,0.006198291740786566,-0.0012119616601647953,0.013667350102295917,0.000979302364571888
2024-09-16,0.007282716967908165,-0.09719371044919622,-0.027775294526761085,0.005992567815047423,0.00782651211312202
2024-09-17,0.0002892158113518839,0.029567881404847007,0.0021726344330386116,0.004839887986985758,-0.011648720341130292
2024-09-18,0.004770514771749168,-0.02209132492049315,0.017989823547219563,0.004446042016489571,-0.0026363395282614777
2024-09-19,0.021149490195593534,0.06927711557175686,0.037065589970024515,0.009590586315203264,0.0035243838439522612
2024-09-20,-0.013103082845597913,-0.026056330318938947,-0.002927471877543386,-0.01571067125599046,-0.000774717957910509
2024-09-23,-0.002141502587393429,0.016630549326063226,-0.007581060072150869,0.006681626064876545,0.001860748468759832
2024-09-24,0.01487944770454619,0.13655754376371299,0.003974050214777591,0.007374573908320636,-0.0016508278755071881
2024-09-25,-0.017128404631385652,-0.03754689893510743,-0.004398088051331017,-0.010248910344475282,-0.011627374058846285
2024-09-26,0.0523523343429424,-0.03706109821735448,0.005080150944784867,-0.020340301012653716,0.0033461845148274882
2024-09-27,0.008995511655015997,-0.07258613993795382,0.001186659156722225,0.0030200747740589673,0.015060033142850981
2024-09-30,0.002836530609368504,0.041863908067876654,0.02287204225447259,0.005645346223088987,0.013809679903953098
2024-10-01,-0.011359602597336815,-0.06918243855781792,-0.02914164788375384,-0.013472981397627204,-0.0026330825458087403
2024-10-02,-0.00013640768022271654,0.032282305932999966,0.0025198047515158084,-0.007207880844306125,-0.0007108242745336169
2024-10-03,-0.013579904250698216,0.032363614169033994,-0.004894668841294747,-0.002292638248912904,-0.006960763169813422
2024-10-04,0.0029055592560385257,0.0820711508910994,0.005007360712360631,0.013787744544390579,-0.005935040920604373
2024-10-07,-0.007449867755046191,-0.02734375557823432,-0.022530869761275385,-0.00604448722714257,-0.003499814589507322
2024-10-08,0.0050038210842511255,0.10107103246099358,0.018404058355611763,-0.0026606253068131025,-0.0030991125206153436
2024-10-09,0.0013139298707014468,-0.017021317547676218,0.016698390930421247,0.005716343303065141,0.009015146748715841
2024-10-10,-0.014226476784231612,0.030303016005332584,-0.0021782549411492047,-0.0030312922773025885,-0.002054007797328672
2024-10-11,0.007566255310540226,0.07202885797900271,-0.006505374090431948,0.01178260683081267,-0.000823165174098639
2024-10-14,0.002989756982650471,0.03135495222871443,0.01647988379380183,0.02141236527582291,0.007518357141814036
2024-10-15,0.002287672143585162,-0.05537461745596761,0.011024615070921673,0.022066987101247992,-0.011540399969278359
2024-10-16,-0.03783373065980422,0.09022986949679201,-0.008851871910463549,0.004677919942375208,-0.007296990199163633
2024-10-17,-0.01214864522733683,0.0015814806395058056,0.0015963822031264119,-0.0014326965737464503,-0.00992331877072039
2024-10-18,0.010260544705162022,-0.022631595009251604,0.012276522024762482,0.012195142881661347,0.001537850367942406
2024-10-21,-0.014910413708448256,-0.0032309890645343398,0.006297903051232234,-0.024805124044342652,-0.0122843236736766
2024-10-22,-0.024129735624861537,-0.047541926376755805,-0.002621786652095004,-0.005450539616752459,0.011900937493307229
2024-10-23,-0.003222070320795134,-0.035167269506427234,-0.021623006734260097,0.004749631095376294,-0.0046619434248635905
2024-10-24,-0.017589926897689012,0.025867168026872056,-0.0008232850793298274,0.009454574982028952,0.009420841868907903
2024-10-25,-0.0038258234053930584,-0.0005730789939605296,0.0036430513623355587,-0.00936602321327562,-0.009491114088696295
2024-10-28,0.010369324065322871,-0.048165144889044,0.008599467873185995,-0.0018180229761389777,0.00974177050774605
2024-10-29,-0.0023566178277468763,-0.05602411348218539,0.0011568294828880887,-0.004007356516728122,-0.0012125088295147357
2024-10-30,0.001981386662476492,0.04339504159955343,-0.015278022059538543,0.016459419244388318,0.06360520868735975
2024-10-31,-0.008974279510802319,-0.044648347332027605,-0.018209409708956792,-0.030226725190587778,0.011761759792556115
2024-11-01,0.05034158742220929,0.07810501126550684,-0.013279670594761428,-0.011502798001885917,-0.0015696000383078612
2024-11-04,0.020311197797452607,-0.026128297510139897,-0.004037518088666259,0.01839337190189161,-0.01513140796997392
2024-11-05,0.005442279107269243,0.008536664649606562,0.006486244749695169,0.007003381315218604,0.006035784342956152
2024-11-06,-0.01873086361940768,-0.019951742006549145,-0.00326697058068115,0.02562227586118815,-0.002380004509044076
2024-11-07,0.013427162582512642,0.10425667054333432,0.021372150662940292,-0.0021413395076925745,-0.0034294861171407787
2024-11-08,-0.021127329998370747,0.5508380346636645,-0.0011882140635083305,-0.0007152877915612699,-0.0050371127727308895
2024-11-11,-0.020632081738816033,0.019092243597825576,-0.012028569123718524,0.0028632705364288746,-0.12566419922817196
2024-11-12,-0.0014194486089335046,0.008837044606201605,0.0,-0.021413252766863344,-0.01914801881337702
2024-11-13,0.00456352228417467,-0.04484935688804115,0.0039691607796954465,-0.0025529194535370836,-0.004325149714798915
2024-11-14,-0.03023530469409208,0.03264854666822381,0.013770453665422844,-0.0040220088218407835,-0.004226677215565244
2024-11-15,-0.024189810375970566,-0.04795738542678574,-0.014109252998230515,-0.008810549149543268,-0.027353582769773066
2024-11-18,-0.0011805166291355418,0.019403002707723438,0.013422260804895059,0.002592557913678073,0.00781858515680467
2024-11-19,-0.009691086106663027,0.045021945679939,0.001140226990899551,0.02844483522647634,0.0017440943531112918
2024-11-20,0.02291363178083694,0.1933450299570656,0.00315399667501004,-0.006106260462069191,0.007144067025498524
2024-11-21,0.02714466298778606,0.041972419077920264,-0.002096031239889218,0.006143775958290965,0.023664745591961855
2024-11-22,0.013478604190546584,0.07014089235117749,0.005907532854041886,0.008620666195057414,0.030396578772497795
2024-11-25,0.004856698159488637,-0.0021058654256399523,0.013050863934787493,0.007478745431046097,0.0006216253588007259
2024-11-26,-0.0008924681271553769,-0.0234766392305642,0.009404359064732137,0.013432147155419072,0.023043092190805803
2024-11-27,0.028056968324708498,-0.01620751705562251,-0.0005529736813679742,-0.0020927222043924942,0.010709968468844977
2024-11-29,-0.0012306367671947038,0.1317958070588452,0.010215815515815185,-0.00594198836466886,-0.0008193658346183907
2024-12-02,0.011669201590995382,-0.011644821155299856,0.00952254510277295,-0.0017580736929978524,-0.006341143690072992
2024-12-03,-0.002149313581701673,0.02454589982328237,0.01277184654938357,-0.005988034044697721,-0.0014854021121804006
2024-12-04,0.006605366786270217,0.05486336868097119,0.0014836067630179528,0.008858967826497643,-0.027768639662973604
2024-12-05,-0.016619112930507773,-0.21689755852437143,0.00012342976380663728,-0.010840558189513794,-0.0016434773040946427
2024-12-06,0.01965619137971686,0.12761025476491428,-0.0008229313638362656,-0.0032339036689209566,0.00011356331596057423
2024-12-09,0.024327860656235156,-0.0699588772113936,0.01610119331994797,0.00937272245770604,0.002156752165045628
2024-12-10,-0.01437508849919511,-0.08490043439654305,0.004133747555261413,-0.006785726499587752,-0.005097187448084517
2024-12-11,-0.005213671708035217,0.017679029367635213,-0.005166130113880785,-0.0032362294462446872,-0.007400147955174519
2024-12-12,-0.0019832088031989104,-0.020044521228011924,0.005963787738377357,-0.00252528698769261,-0.006767172207629901
2024-12-13,-0.013554866065259796,0.10393940318714479,0.0006855753623682403,0.006148274598086534,0.0010392969868107116
2024-12-16,-0.009568277452162488,-0.03678287514034173,0.01172767265337904,-0.003594494452376251,-0.010036346147017872
2024-12-17,-0.008788971761632292,-0.08492446649409757,0.009719565467067426,-0.007936514705915831,0.021849261165214795
2024-12-18,-0.02528228640197938,0.05792589769530987,-0.021421742389975296,-0.057818172907848964,-0.013456401820056918
2024-12-19,0.0013533101101479428,-0.046511680137701905,0.007014700854068412,-0.018911647043221014,-0.008669527519105769
2024-12-20,0.0099105549526608,0.1676443472521696,0.01881586884400277,0.022816692830163188,0.02367063615242504
2024-12-23,0.0006692232147564869,-0.029085100026365995,0.003064949277328255,0.002692344475199615,0.016004081831044292
2024-12-24,0.011144060490279939,0.0844226135911259,0.011478078798297098,0.00690452801058572,0.009025247793249314
2024-12-26,-0.0019837645128346626,0.02812654295500505,0.0031757022052907313,0.009904735626897088,-0.0044444954935403125
2024-12-27,-0.0021351165257522675,-0.07816309368790575,-0.013242189631401002,-0.014711502486328687,-0.006640640892284555
2024-12-30,-0.008263291455139488,-0.03974562621325617,-0.013263405700418285,-0.004211336066715199,-0.010167972040784012
2024-12-31,0.001252157684113353,0.017108137504672216,-0.007057868847835769,0.009611689530701684,0.00851306351272596
2025-01-02,-0.006773820460464042,-0.034183454025136895,-0.02623590034517398,-0.00761613257249294,0.009791791998624122
2025-01-03,0.016937793450096494,0.06460683006573076,-0.0020094719164758246,0.009976950619768665,0.009919743517462498
2025-01-06,0.00545351401350147,-0.10474936836064042,0.006738962497692569,-0.02963518310090063,-0.00618026740670663
2025-01-07,0.007183269538711734,-0.027998843336129786,-0.011387728348441928,-0.023884109106383167,-0.0031649360850013464
2025-01-08,-0.002983793725742645,-0.018496076980545673,0.0020229517944618802,-0.023265154604041993,-0.005737277375281291
2025-01-10,0.0034305876354638887,-0.02378741352557112,-0.02410377058241131,-0.03244358134077763,-0.018655338623809636
2025-01-13,0.032588946950067754,-0.08259495502671166,-0.010344111869874384,0.025891432907722,0.008962638250842536
2025-01-14,0.010426136146355125,-0.04139354484529323,-0.004778177619604307,0.02110051043665906,-0.006733070332668345
2025-01-15,-0.008366400494674742,0.12198630003478383,0.01967590353885762,-0.003646738576369324,-0.014720179339397954
2025-01-16,0.017506889267707937,-0.009621588886238097,-0.040400197202423715,0.004880087895266616,0.013714586969834741
2025-01-17,0.01824209661122045,0.004857562498560064,0.007535289904717857,0.004046897217996337,-0.01232010844582121
2025-01-21,0.03535562380933066,-0.02835968574418901,-0.03191584242275669,0.010882732688445973,0.006120335693451606
2025-01-22,0.00019663988341922511,0.10447760060979494,0.005344940326970304,-0.02671450807490705,-0.01975557128754435
2025-01-23,-0.000983006118887464,-0.024024001663345507,-0.0007594155431922545,-0.011470703898118217,0.00868796493504731
2025-01-24,-0.006625119786972222,-0.0556922912597656,-0.003934618881068941,0.006630852263791676,-0.0021679010781666674
2025-01-27,-0.003169512580662781,-0.20039099092570667,0.03178021246174478,0.02593646407472905,0.03875505568841864
2025-01-28,-0.0041071312265247295,0.08679702857789517,0.036544009313905335,-0.012841052531290975,-0.011814496517372097
2025-01-29,-0.021617621361879613,-0.0052493209316815115,0.004616861839717767,-0.0337398513333671,0.002574209941924588
2025-01-30,0.029165879183562504,0.05804745451642246,-0.007394810181489464,0.025662606890228146,0.0022251775269723773
2025-01-31,0.0009247654095918545,-0.005343769866799519,-0.006692105896604739,-0.00410167479060064,0.04696848296101286
2025-02-03,-0.019073337946665103,-0.07485673878498478,-0.03385596097600685,-0.0065898058853167685,0.033931486032445335
2025-02-04,-0.010697774045711705,0.049748348865954695,0.021007849785575905,-0.004145888416271948,-0.0009992782810210876
2025-02-05,0.0064609092527607714,0.03853955689157118,-0.0014175365599596867,-0.06661127614159079,0.009476209675032932
2025-02-06,-0.002365130719710673,0.07883520331618565,0.0032262413419859026,0.013827016628504163,0.006362467752772494
2025-02-07,-0.016458865471969508,-0.025345575104868123,-0.023968808052454382,-0.004399507224678412,-0.012281695805814175
2025-02-10,-0.010467647005552028,0.030732854733342307,0.001187402819233352,-0.004860808435791175,-0.0013641671962874025
2025-02-11,-0.01350125530706714,-0.08748361848778252,0.021831803540614203,-0.001776160705403762,0.007828139034804282
2025-02-12,-0.025890627801365085,-0.1012567201507305,0.018270124983095215,-0.020462674312286877,0.006099150389755614
2025-02-13,-0.01180483734987725,0.0803036425785737,0.019673251594414687,0.01680288040174882,0.0023315939801293872
2025-02-14,-0.013045097349908885,-0.042159809852019614,0.012710634620810346,-0.004912823950659173,-0.002998205120918085
2025-02-18,0.003935609562460529,0.020463347276125754,-0.0005314473407393994,-0.013016208755276537,0.01752473174703728
2025-02-19,0.014423045929151668,0.0340521985674751,0.0016361257362533799,-0.012733144785078698,0.005605136166044522
2025-02-20,-0.0026248697348606465,0.006220273573674051,0.003920499828318658,0.014279213591848805,0.01788702529726849
2025-02-21,-0.010380895146520186,-0.016727239435369357,-0.00113899548628138,-0.008628535172116591,0.005973709789308446
2025-02-24,-0.0006647614314114758,0.010354984090850783,0.006312374426695078,0.008703634791036308,0.00989701000880494
2025-02-25,-0.008131422083291207,-0.1456808047838427,-0.00024287786026089275,-0.005903753428905922,0.0002939907638908057
2025-02-26,0.002161373186505111,0.0792630835207857,-0.02704014704854596,0.0,-0.005535374776714508
2025-02-27,-0.05495646264707421,-0.045653020807817746,-0.012730870465012423,0.02421196618061927,0.009900978833064844
2025-02-28,0.006609945131908379,-0.09068220558043849,0.019131850042938936,0.0017841708663053346,0.019559072277146594
2025-03-03,-0.012429604503781722,-0.18938706227833402,-0.01575420844555464,-0.011576105354936694,0.011720809957601386
2025-03-04,-0.025884600473200736,0.023702036826684036,-0.008822394407277834,-0.021171269278579485,-0.017590350233381846
2025-03-05,0.028035121563291687,-0.003307578167649816,-0.00080528912081268,0.015186482971105919,0.01819409430571195
2025-03-06,0.0003161947365541984,-0.1399336141397831,-0.001739231992483825,-0.01519340014324444,-0.0037344923637606664
2025-03-07,0.001185234627580023,0.017363311947110383,0.015892599518165573,-0.002805062953161963,0.01679707480468018
2025-03-10,-0.03788472034862023,-0.10556258587288814,-0.048479556019480285,-0.024378808762546944,0.011059846302351017
2025-03-11,-0.007137004443857897,0.06501767498913225,-0.029189369991345693,-0.020182611326115873,-0.014169723799348777
2025-03-12,-0.009749644551776404,0.14797608410053376,-0.01747874085652046,-0.00637562670939662,-0.007163190841705691
2025-03-13,-0.021026270254628887,-0.08265892569741162,-0.03364363655414282,-0.030108656549952317,-0.002404957449747336
2025-03-14,0.032813406685422875,0.3931947555003181,0.018170607228777946,0.02442750397686999,0.0010399507497493854
2025-03-17,0.010810345628214035,-0.05110814278251019,0.0023888284785511527,0.011922562898082134,0.012749614132302245
2025-03-18,0.004980034919229714,-0.03717820764135882,-0.006121514854312005,-0.0058910450933797875,-0.0028908289850626545
2025-03-19,-0.007229908506786398,0.04603952290602864,0.011989284654961185,0.022716033723664486,-0.007481848791574541
2025-03-20,-0.015792509548402056,-0.0023662678204636745,-0.005296399395350315,-0.00965715579451365,-0.0013662835664912665
2025-03-21,0.003907597529277496,-0.03083489662631833,0.019476864216797063,-0.012676742544888375,-0.009199921562433322
2025-03-24,0.010103530014548445,0.09055312549364203,0.011270415277146784,0.013827196779303108,-0.003999798492167028
2025-03-25,-0.011970192365554744,-0.02289049430718948,0.013681907487435252,-0.013151502798733894,-0.03743366256974623
2025-03-26,-0.005061794188554791,-0.10473131091884791,-0.009921829910472746,0.002961419298116441,-0.00019863558691535221
2025-03-27,-0.0077564930874565174,-0.08773725523622988,0.010472664101739193,-0.00344481954341036,0.007054150082361765
2025-03-28,-0.019164456433717114,-0.07874024025940796,-0.026580331841719373,-0.010370373634643992,0.012677489525255048
2025-03-31,0.0024851977416084914,-0.06288149157931155,0.01941262938948185,0.00499001232788987,0.02060508650378079
2025-04-01,-0.02297569779201014,-0.01693812523911753,0.0047719677349307155,-0.003475703547261566,-0.015511670429519397
2025-04-02,0.017010037352926055,0.057654067379838914,0.0031363329678670837,0.01644248493987699,-0.005235873366388644
2025-04-03,-0.054487454187619466,-0.19611529492228774,-0.09245607865732186,-0.05049017631360331,-0.017301006379672024
2025-04-04,-0.06081880441604692,-0.1582228951708995,-0.07288743866843539,-0.033040813879970155,-0.07280301922898036
2025-04-07,0.00572811978534582,0.03981475406550028,-0.03673424332398123,-0.03470373502517621,-0.0021930057580403783
2025-04-08,-0.041509755520576785,-0.04719499150270201,-0.04981817590892468,-0.04369460504477951,-0.058322204832492175
2025-04-09,0.07815492058291373,0.2962616946543346,0.15328847287251235,0.07171773464339437,0.023737719254567802
2025-04-10,-0.06632420271938555,-0.15501078848376715,-0.04239376701864894,-0.03130060860404238,-0.0313611725772176
2025-04-11,0.027613829119571554,-0.03754270682872296,0.04059440800152636,0.01949857774011976,0.004879492121214968
2025-04-14,0.024145685707717135,-0.002659550858277293,0.022054058188669234,0.028961769256096837,0.023136212637444586
2025-04-15,-0.019678673322374607,0.017777760823567634,-0.0018763529360197317,0.004248491964613743,-0.0037191684725536023
2025-04-16,-0.0040729808684354385,-0.08908292760529046,-0.038933422866557765,-0.0037016781631764584,-0.028959334205880594
2025-04-17,-0.002142099297427036,0.022051729195270875,0.013949660263602004,0.01114639745345225,0.007630550286991111
2025-04-21,-0.021662774668058438,-0.057223233152797204,-0.01939285818167713,-0.014697999207324508,-0.016359337194000623
2025-04-22,0.025433825733400806,0.08955219914920876,0.03406509309381045,0.009056929433134409,0.021274065816170307
2025-04-23,0.021301454074620585,0.06484018726157603,0.024331642471539405,0.004223919888610261,0.018816919642253405
2025-04-24,0.019238063267299044,0.09691253252389331,0.01842611058414434,-0.019979101315780734,0.018751719899485986
2025-04-25,-0.006914575658580668,-0.017982763324653317,0.0043672566618262465,0.0021460029238509204,0.03154628039829688
2025-04-28,0.005551411122147076,0.04060503647842095,0.004109316416853082,0.01766598841583722,0.03375254682199591
2025-04-29,0.0055206917070047545,-0.01912777397378218,0.005091866558952551,-0.025775949073861493,0.006082968655619192
2025-04-30,0.0013028046793335246,-0.0023400728303685225,0.006107685399838969,0.011339096718616215,0.008216689792854615
2025-05-01,-0.010594790016866251,0.15011728553717485,0.0038588132637511485,0.005339020223294577,-0.009021064636416165
2025-05-02,0.020383225508235236,0.016995241288353613,-0.03736171853104364,0.014869927923578663,0.026533593565643
2025-05-05,-0.0023933951340292525,-0.03475938879931195,-0.031458476823956305,-0.003662937102406949,-0.012092476856568002
2025-05-06,-0.02888257639092129,-0.034626039787372886,-0.001910675608042589,-0.006827883120872569,-0.04549402302507366
2025-05-07,0.02166475508910848,0.0028694378089735295,-0.011384787531095841,0.005817142659001684,0.0050227222658965065
2025-05-08,0.010974705561915377,0.05579404235951313,0.006318532712122682,0.013144038239798483,-0.013344646476184274
2025-05-09,-0.016283318240654543,-0.006097571218988351,0.005266075366584078,-0.0010379213787139463,-0.005280718384900185
2025-05-12,0.08061351091350177,0.24335376116276763,0.06314615798599066,0.015584392026407379,0.02963164160263232
2025-05-13,-0.0011250963165641004,0.11239041502923808,0.010152281691776288,-0.002557540950275161,-0.010890762584586877
2025-05-14,-0.03378965160067238,-0.05815673986849168,-0.0028177845553216674,-0.005128197475595342,-0.056170199779754015
2025-05-15,0.007891005284272667,-0.012558857323539785,-0.004144515024837148,0.012886578608879429,0.023895345897411824
2025-05-16,0.012188568492786711,-0.009538966463718213,-0.0008985691376138805,0.014758326844664937,0.012879852988851637
2025-05-19,-0.00290053802757384,0.018726611635561108,-0.011739069355408915,0.010531598053331148,0.009183797425110551
2025-05-20,0.0003526173718835235,-0.0042017766390675115,-0.009196274452396014,-0.01389572172280229,-0.004630879216307449
2025-05-21,-0.04027140958438291,-0.09968351692570798,-0.02305909435553888,-0.027679972788169915,-0.016499880719775706
2025-05-22,0.007070026785191308,0.031634500596451565,-0.003612230891026025,-0.011387186117123749,0.004070353256068637
2025-05-23,-0.010485061293573295,0.015332114767578675,-0.03024432021966106,-0.0026178986262304083,0.003944347798756187
2025-05-27,0.02515436642070945,0.038031338763587774,0.025298316860348224,0.04146994045158059,0.013423588276793463
2025-05-28,-0.0034154671536605896,-0.04903016560328899,0.0010488559414427723,0.006048319085132148,-0.014161128933480316
2025-05-29,0.021645035942719826,-0.04079316311137959,-0.0023450814539321962,0.009519101766586324,0.013818334315916392
2025-05-30,-0.012005655234877288,-0.08919079749928915,0.0045011711378339925,-0.010421839429483493,0.0026398314085436247
2025-06-02,-0.007773366077742705,0.006160847377352452,0.0042319682295079986,0.013540542678262213,0.004728412658785208
2025-06-03,0.015398460490592347,0.08024491511499687,0.0077838738124602624,-0.006927234425937123,0.0013904192694695894
2025-06-04,0.01933309918300652,0.02088307736813655,-0.00221378923984783,0.008470379816772233,0.00048062129714621094
2025-06-05,-0.008700191219412678,-0.04967857107821938,-0.010797763348392997,-0.013567862459266333,0.0006939515605521862
2025-06-06,0.016324386260287094,0.03505533129155536,0.0163983113495636,0.02699952670934347,0.012588684029362085
2025-06-09,0.00811739885353524,0.0023767626683706133,-0.012112599268742419,0.0014881293091557612,-0.0035294640598571014
2025-06-10,0.03237963721489834,-0.02548905060963358,0.0060560994747325125,0.009905837062928802,0.0017974007787500135
2025-06-11,-0.006637864625341439,-0.007299320884132654,-0.019193760422328232,-0.003433040555153477,0.01055408970976246
2025-06-12,-0.006765766374329796,0.03676472994420532,0.002112879422097258,0.008366145612553666,0.004804167984048702
2025-06-13,-0.015389805522626698,-0.08569738786802272,-0.013805221095031128,-0.014641251362209062,-0.006963914097505075
2025-06-16,0.01656982218714953,0.10471880139600165,0.010028003315378786,0.010401143086569808,-0.001151356597210218
2025-06-17,-0.024617714567432447,-0.01813923131507056,-0.014010678383989505,0.012254902189944739,-0.02818822626850981
2025-06-18,-0.004909981159489263,0.178188298496184,0.004804755900321256,-0.015496353546518571,5.396682044200851e-05
2025-06-20,0.0003462683231452157,0.18614062822293187,0.022484475164182616,-0.004918857936301313,-0.0010243271107847063
2025-06-23,0.0049325000594189206,-0.03752669677972864,0.0024875621890547706,0.0,-0.008310893251802676
2025-06-24,0.013002688124889472,0.031900807728776126,-0.005955319842392948,-0.012357884609836445,0.009741013269649823
2025-06-25,-0.00034002818543765745,0.12966931866463005,0.008136751048098967,-0.027026978005539548,0.0028293930900014086
