 (VOO) , , ,  
Holding details,2024-09-30
 
Stocks holdings 
 ,SEDOL,Ticker,Holdings name,Shares,Market value*,% of fund*,Sector,Market,Security depository receipt type
,"2046251","AAPL","Apple Inc",398131755,$92764698915,7.23838,"Technology Hardware, Storage & Peripherals","US","Common Stock"
,"2588173","MSFT","Microsoft Corp",194696721,$83777999046.3,6.53715,"Software","US","Common Stock"
,"2379504","NVDA","NVIDIA Corp",644357896,$78250822890.24,6.10587,"Semiconductors & Semiconductor Equipment","US","Common Stock"
,"2000019","AMZN","Amazon.com Inc",244647431,$45585155818.23,3.55699,"Broadline Retail","US","Common Stock"
,"B7TL820","META","Meta Platforms Inc",57226310,$32758628896.4,2.55614,"Interactive Media & Services","US","Common Stock"
,"BYVY8G0","GOOGL","Alphabet Inc",153469765,$25452960525.25,1.98608,"Interactive Media & Services","US","Common Stock"
,"2073390","BRK/B","Berkshire Hathaway Inc",47977519,$22082132894.94,1.72306,"Financial Services","US","Common Stock"
,"BYY88Y7","GOOG","Alphabet Inc",125822656,$21036289856.64,1.64145,"Interactive Media & Services","US","Common Stock"
,"BDZ78H9","AVGO","Broadcom Inc",121883218,$21024855105,1.64056,"Semiconductors & Semiconductor Equipment","US","Common Stock"
,"B616C79","TSLA","Tesla Inc",72676422,$19014332287.86,1.48368,"Automobiles","US","Common Stock"
,"2516152","LLY","Eli Lilly & Co",20664177,$18307220971.38,1.4285,"Pharmaceuticals","US","Common Stock"
,"2190385","JPM","JPMorgan Chase & Co",74528418,$15715062219.48,1.22624,"Banks","US","Common Stock"
,"2917766","UNH","UnitedHealth Group Inc",24187193,$14141768003.24,1.10347,"Health Care Providers & Services","US","Common Stock"
,"2326618","XOM","Exxon Mobil Corp",116380514,$13642123851.08,1.06449,"Oil, Gas & Consumable Fuels","US","Common Stock"
,"B2PZN04","V","Visa Inc",43490749,$11957781437.55,0.93306,"Financial Services","US","Common Stock"
,"2704407","PG","Procter & Gamble Co/The",61661761,$10679817005.2,0.83334,"Household Products","US","Common Stock"
,"B121557","MA","Mastercard Inc",21610422,$10671226383.6,0.83267,"Financial Services","US","Common Stock"
,"2434209","HD","Home Depot Inc/The",25973471,$10524450449.2,0.82122,"Specialty Retail","US","Common Stock"
,"2701271","COST","Costco Wholesale Corp",11612550,$10294757826,0.80329,"Consumer Staples Distribution & Retail","US","Common Stock"
,"2475833","JNJ","Johnson & Johnson",63053863,$10218509037.78,0.79734,"Pharmaceuticals","US","Common Stock"
,"2936921","WMT","Walmart Inc",113754999,$9185716169.25,0.71676,"Consumer Staples Distribution & Retail","US","Common Stock"
,"B92SR70","ABBV","AbbVie Inc",46266602,$9136728562.96,0.71293,"Biotechnology","US","Common Stock"
,"2857817","NFLX","Netflix Inc",11241456,$7973227497.12,0.62215,"Entertainment","US","Common Stock"
,"2778844","MRK","Merck & Co Inc",66395169,$7539835391.64,0.58833,"Pharmaceuticals","US","Common Stock"
,"2206657","KO","Coca-Cola Co/The",101600911,$7301041464.46,0.5697,"Beverages","US","Common Stock"
,"2661568","ORCL","Oracle Corp",41867143,$7134161167.2,0.55667,"Software","US","Common Stock"
,"2295677","BAC","Bank of America Corp",176835379,$7016827838.72,0.54752,"Banks","US","Common Stock"
,"2007849","AMD","Advanced Micro Devices Inc",42393254,$6955885116.32,0.54276,"Semiconductors & Semiconductor Equipment","US","Common Stock"
,"2310525","CRM","Salesforce Inc",25382132,$6947343349.72,0.5421,"Software","US","Common Stock"
,"2838555","CVX","Chevron Corp",44554413,$6561528402.51,0.51199,"Oil, Gas & Consumable Fuels","US","Common Stock"
,"2886907","TMO","Thermo Fisher Scientific Inc",10005476,$6189087289.32,0.48293,"Life Sciences Tools & Services","US","Common Stock"
,"2681511","PEP","PepsiCo Inc",35978841,$6118201912.05,0.4774,"Beverages","US","Common Stock"
,"2008154","ADBE","Adobe Inc",11614892,$6013958779.76,0.46927,"Software","US","Common Stock"
,"BNZHB81","LIN","Linde PLC",12591200,$6004239632,0.46851,"Chemicals","US","Common Stock"
,"B4BNMY3","ACN","Accenture PLC",16407644,$5799774001.12,0.45255,"IT Services","US","Common Stock"
,"2550707","MCD","McDonald's Corp",18790063,$5721762084.13,0.44647,"Hotels, Restaurants & Leisure","US","Common Stock"
,"2198163","CSCO","Cisco Systems Inc",105531413,$5616381799.86,0.43824,"Communications Equipment","US","Common Stock"
,"BL59CR9","GE","General Electric Co",28403062,$5356249431.96,0.41795,"Aerospace & Defense","US","Common Stock"
,"2005973","IBM","International Business Machines Corp",24127644,$5334139535.52,0.41622,"IT Services","US","Common Stock"
,"2002305","ABT","Abbott Laboratories",45573785,$5195867227.85,0.40543,"Health Care Equipment & Supplies","US","Common Stock"
,"2649100","WFC","Wells Fargo & Co",89168934,$5037153081.66,0.39305,"Banks","US","Common Stock"
,"2180201","CAT","Caterpillar Inc",12701824,$4967937402.88,0.38765,"Machinery","US","Common Stock"
,"2714923","QCOM","QUALCOMM Inc",29180150,$4962084507.5,0.38719,"Semiconductors & Semiconductor Equipment","US","Common Stock"
,"2090571","VZ","Verizon Communications Inc",110261641,$4951850297.31,0.38639,"Diversified Telecommunication Services","US","Common Stock"
,"B2PKRQ3","PM","Philip Morris International Inc",40725347,$4944057125.8,0.38578,"Tobacco","US","Common Stock"
,"2885409","TXN","Texas Instruments Inc",23915478,$4940220290.46,0.38548,"Semiconductors & Semiconductor Equipment","US","Common Stock"
,"B80NXX8","NOW","ServiceNow Inc",5395704,$4825863700.56,0.37656,"Software","US","Common Stock"
,"2250870","DHR","Danaher Corp",16838474,$4681432541.48,0.36529,"Life Sciences Tools & Services","US","Common Stock"
,"2270726","DIS","Walt Disney Co/The",47505615,$4569565106.85,0.35656,"Entertainment","US","Common Stock"
,"2871301","ISRG","Intuitive Surgical Inc",9291078,$4564427889.06,0.35616,"Health Care Equipment & Supplies","US","Common Stock"
,"2328915","NEE","NextEra Energy Inc",53815488,$4549023200.64,0.35496,"Electric Utilities","US","Common Stock"
,"2459020","INTU","Intuit Inc",7322608,$4547339568,0.35483,"Software","US","Common Stock"
,"2023607","AMGN","Amgen Inc",14074585,$4534972032.85,0.35386,"Biotechnology","US","Common Stock"
,"2046552","AMAT","Applied Materials Inc",21687807,$4382021404.35,0.34193,"Semiconductors & Semiconductor Equipment","US","Common Stock"
,"BYV2325","SPGI","S&P Global Inc",8387406,$4333101687.72,0.33811,"Capital Markets","US","Common Stock"
,"2684703","PFE","Pfizer Inc",148430246,$4295571319.24,0.33518,"Pharmaceuticals","US","Common Stock"
,"2044545","CMCSA","Comcast Corp",101194512,$4226894766.24,0.32982,"Media","US","Common Stock"
,"BM5M5Y3","RTX","RTX Corp",34843488,$4221637006.08,0.32941,"Aerospace & Defense","US","Common Stock"
,"BK6N347","UBER","Uber Technologies Inc",55029113,$4135988133.08,0.32273,"Ground Transportation","US","Common Stock"
,"2831811","T","AT&T Inc",187813288,$4131892336,0.32241,"Diversified Telecommunication Services","US","Common Stock"
,"2536763","LOW","Lowe's Cos Inc",14926271,$4042780500.35,0.31546,"Specialty Retail","US","Common Stock"
,"2026082","AXP","American Express Co",14711406,$3989733307.2,0.31132,"Consumer Finance","US","Common Stock"
,"2407966","GS","Goldman Sachs Group Inc/The",8026682,$3974090525.02,0.3101,"Capital Markets","US","Common Stock"
,"2914734","UNP","Union Pacific Corp",15957052,$3933094176.96,0.3069,"Ground Transportation","US","Common Stock"
,"2705024","PGR","Progressive Corp/The",15340592,$3892828625.92,0.30376,"Insurance","US","Common Stock"
,"BDRXDB4","BKNG","Booking Holdings Inc",878068,$3698527784.16,0.28859,"Hotels, Restaurants & Leisure","US","Common Stock"
,"2020459","HON","Honeywell International Inc",17056745,$3525799758.95,0.27512,"Industrial Conglomerates","US","Common Stock"
,"2989301","TJX","TJX Cos Inc/The",29603013,$3479538148.02,0.27151,"Specialty Retail","US","Common Stock"
,"BMZBBT7","BLK","Blackrock Inc",3647115,$3462972163.65,0.27021,"Capital Markets","US","Common Stock"
,"B8KQN82","ETN","Eaton Corp PLC",10427771,$3456180420.24,0.26968,"Electrical Equipment","US","Common Stock"
,"2262314","MS","Morgan Stanley",32629834,$3401333896.16,0.2654,"Capital Markets","US","Common Stock"
,"2522096","LMT","Lockheed Martin Corp",5556529,$3248124592.24,0.25345,"Aerospace & Defense","US","Common Stock"
,"2853688","SYK","Stryker Corp",8980158,$3244171879.08,0.25314,"Health Care Equipment & Supplies","US","Common Stock"
,"2113434","BSX","Boston Scientific Corp",38572698,$3232392092.4,0.25222,"Health Care Equipment & Supplies","US","Common Stock"
,"2685717","COP","ConocoPhillips",30418308,$3202439466.24,0.24988,"Oil, Gas & Consumable Fuels","US","Common Stock"
,"BSPHGL4","ELV","Elevance Health Inc",6074189,$3158578280,0.24646,"Health Care Providers & Services","US","Common Stock"
,"2931034","VRTX","Vertex Pharmaceuticals Inc",6760882,$3144351000.56,0.24535,"Biotechnology","US","Common Stock"
,"2297907","C","Citigroup Inc",48971683,$3065627355.8,0.23921,"Banks","US","Common Stock"
,"B44WZD7","PLD","Prologis Inc",24252535,$3062610119.8,0.23897,"Industrial REITs","US","REIT"
,"BTN1Y11","MDT","Medtronic PLC",33601965,$3025184908.95,0.23605,"Health Care Equipment & Supplies","US","Common Stock"
,"2588184","MU","Micron Technology Inc",29044301,$3012184456.71,0.23504,"Semiconductors & Semiconductor Equipment","US","Common Stock"
,"2032067","ADI","Analog Devices Inc",12997733,$2991688204.61,0.23344,"Semiconductors & Semiconductor Equipment","US","Common Stock"
,"2065308","ADP","Automatic Data Processing Inc",10681697,$2955946010.81,0.23065,"Professional Services","US","Common Stock"
,"2730190","REGN","Regeneron Pharmaceuticals Inc",2779545,$2921968885.8,0.228,"Biotechnology","US","Common Stock"
,"B87ZMX0","PANW","Palo Alto Networks Inc",8481148,$2898856386.4,0.2262,"Software","US","Common Stock"
,"2842255","SBUX","Starbucks Corp",29682407,$2893737858.43,0.2258,"Hotels, Restaurants & Leisure","US","Common Stock"
,"BKF2SL7","BX","Blackstone Inc",18860119,$2888050022.47,0.22535,"Capital Markets","US","Common Stock"
,"2567741","MMC","Marsh & McLennan Cos Inc",12880911,$2873602434.99,0.22423,"Insurance","US","Common Stock"
,"B7FBFL2","AMT","American Tower Corp",12234580,$2845273924.8,0.22202,"Specialized REITs","US","REIT"
,"B3BQMF6","CB","Chubb Ltd",9844271,$2838989313.69,0.22152,"Insurance","US","Common Stock"
,"2261203","DE","Deere & Co",6713164,$2801604732.12,0.21861,"Machinery","US","Common Stock"
,"BSML4N7","LRCX","Lam Research Corp",3415330,$2787182506.4,0.21748,"Semiconductors & Semiconductor Equipment","US","Common Stock"
,"2640147","NKE","NIKE Inc",31471538,$2782083959.2,0.21708,"Textiles, Apparel & Luxury Goods","US","Common Stock"
,"2126335","BMY","Bristol-Myers Squibb Co",53104173,$2747609911.02,0.21439,"Pharmaceuticals","US","Common Stock"
,"2369174","GILD","Gilead Sciences Inc",32610988,$2734105233.92,0.21334,"Biotechnology","US","Common Stock"
,"2480138","KLAC","KLA Corp",3521016,$2726710000.56,0.21276,"Semiconductors & Semiconductor Equipment","US","Common Stock"
,"2342034","FI","Fiserv Inc",15081749,$2709436207.85,0.21142,"Financial Services","US","Common Stock"
,"B94Q9V0","TMUS","T-Mobile US Inc",12839875,$2649636605,0.20675,"Wireless Telecommunication Services","US","Common Stock"
,"2463247","INTC","Intel Corp",111765660,$2622022383.6,0.2046,"Semiconductors & Semiconductor Equipment","US","Common Stock"
,"2517382","UPS","United Parcel Service Inc",19186375,$2615870367.5,0.20411,"Air Freight & Logistics","US","Common Stock"
,"BN33VM5","ANET","Arista Networks Inc",6746825,$2589566371.5,0.20206,"Communications Equipment","US","Common Stock"
,"2829601","SO","Southern Co/The",28640577,$2582807233.86,0.20154,"Electric Utilities","US","Common Stock"
,"B8CKK03","MDLZ","Mondelez International Inc",34990021,$2577714847.07,0.20114,"Food Products","US","Common Stock"
,"BHJ0775","CI","Cigna Group/The",7323227,$2537058761.88,0.19797,"Health Care Providers & Services","US","Common Stock"
,"2779397","SCHW","Charles Schwab Corp/The",39129873,$2536007069.13,0.19788,"Capital Markets","US","Common Stock"
,"BFSSDS9","ICE","Intercontinental Exchange Inc",15038830,$2415837651.2,0.18851,"Capital Markets","US","Common Stock"
,"B7VD3F2","DUK","Duke Energy Corp",20221164,$2331500209.2,0.18193,"Electric Utilities","US","Common Stock"
,"2108601","BA","Boeing Co/The",15331494,$2331000347.76,0.18189,"Aerospace & Defense","US","Common Stock"
,"2804211","SHW","Sherwin-Williams Co/The",6079246,$2320265820.82,0.18105,"Chemicals","US","Common Stock"
,"B95WG16","ZTS","Zoetis Inc",11867619,$2318695400.22,0.18093,"Pharmaceuticals","US","Common Stock"
,"BG1FRR1","KKR","KKR & Co Inc",17664307,$2306605208.06,0.17998,"Capital Markets","US","Common Stock"
,"BK9ZQ96","TT","Trane Technologies PLC",5911330,$2297911310.9,0.1793,"Building Products","US","Common Stock"
,"2692632","MO","Altria Group Inc",44693644,$2281163589.76,0.178,"Tobacco","US","Common Stock"
,"2209106","CL","Colgate-Palmolive Co",21402703,$2221814598.43,0.17337,"Household Products","US","Common Stock"
,"BVLZX12","EQIX","Equinix Inc",2486836,$2207390238.68,0.17224,"Specialized REITs","US","REIT"
,"BMH4FS1","CEG","Constellation Energy Corp",8190680,$2129740613.6,0.16618,"Electric Utilities","US","Common Stock"
,"2671501","PH","Parker-Hannifin Corp",3366807,$2127215998.74,0.16599,"Machinery","US","Common Stock"
,"B11FJK3","TDG","TransDigm Group Inc",1469654,$2097387313.02,0.16366,"Aerospace & Defense","US","Common Stock"
,"BYW36M8","PYPL","PayPal Holdings Inc",26781824,$2089785726.72,0.16306,"Financial Services","US","Common Stock"
,"2965839","CME","CME Group Inc",9431762,$2081118285.3,0.16239,"Capital Markets","US","Common Stock"
,"2577609","CVS","CVS Health Corp",32950264,$2071912600.32,0.16167,"Health Care Providers & Services","US","Common Stock"
,"B0X7DZ3","CMG","Chipotle Mexican Grill Inc",35872126,$2066951900.12,0.16128,"Hotels, Restaurants & Leisure","US","Common Stock"
,"2145084","APH","Amphenol Corp",31544430,$2055435058.8,0.16038,"Electronic Equipment, Instruments & Components","US","Common Stock"
,"2365161","GD","General Dynamics Corp",6750159,$2039898049.8,0.15917,"Aerospace & Defense","US","Common Stock"
,"2867719","SNPS","Synopsys Inc",4013134,$2032210926.26,0.15857,"Software","US","Common Stock"
,"2937667","WM","Waste Management Inc",9565949,$1985891012.4,0.15496,"Commercial Services & Supplies","US","Common Stock"
,"B4MGBG6","HCA","HCA Healthcare Inc",4868025,$1978511400.75,0.15438,"Health Care Providers & Services","US","Common Stock"
,"BLP1HW5","AON","Aon PLC",5690076,$1968709395.24,0.15362,"Insurance","US","Common Stock"
,"2595708","MMM","3M Co",14389945,$1967105481.5,0.15349,"Industrial Conglomerates","US","Common Stock"
,"B5BKPQ4","MSI","Motorola Solutions Inc",4370483,$1965100271.29,0.15334,"Communications Equipment","US","Common Stock"
,"BN78DQ4","PLTR","Palantir Technologies Inc",52451146,$1951182631.2,0.15225,"Software","US","Common Stock"
,"2252058","MCO","Moody's Corp",4101975,$1946756315.25,0.1519,"Capital Markets","US","Common Stock"
,"2302232","CDNS","Cadence Design Systems Inc",7171998,$1943826617.94,0.15168,"Software","US","Common Stock"
,"BYVYHH4","WELL","Welltower Inc",15161003,$1941063214.09,0.15146,"Health Care REITs","US","REIT"
,"2692665","PNC","PNC Financial Services Group Inc/The",10411952,$1924649327.2,0.15018,"Banks","US","Common Stock"
,"2648806","NOC","Northrop Grumman Corp",3601171,$1901670369.97,0.14839,"Aerospace & Defense","US","Common Stock"
,"2259101","TGT","Target Corp",12118203,$1888743119.58,0.14738,"Consumer Staples Distribution & Retail","US","Common Stock"
,"2352118","FCX","Freeport-McMoRan Inc",37635926,$1878785425.92,0.1466,"Metals & Mining","US","Common Stock"
,"2736035","USB","US Bancorp",40873982,$1869167196.86,0.14585,"Banks","US","Common Stock"
,"2457552","ITW","Illinois Tool Works Inc",7077137,$1854705293.59,0.14472,"Machinery","US","Common Stock"
,"2197137","CTAS","Cintas Corp",8974462,$1847662236.56,0.14417,"Commercial Services & Supplies","US","Common Stock"
,"BP6H4Y1","GEV","GE Vernova Inc",7197781,$1835290199.38,0.14321,"Electrical Equipment","US","Common Stock"
,"2318024","EOG","EOG Resources Inc",14894181,$1830941670.33,0.14287,"Oil, Gas & Consumable Fuels","US","Common Stock"
,"2087807","BDX","Becton Dickinson & Co",7570697,$1825295046.7,0.14243,"Health Care Equipment & Supplies","US","Common Stock"
,"BK4N0D7","CARR","Carrier Global Corp",21990637,$1770026372.13,0.13811,"Building Products","US","Common Stock"
,"2160753","CSX","CSX Corp",50784756,$1753597624.68,0.13683,"Ground Transportation","US","Common Stock"
,"B65LWX6","ORLY","O'Reilly Automotive Inc",1519360,$1749694976,0.13653,"Specialty Retail","US","Common Stock"
,"2011602","APD","Air Products and Chemicals Inc",5823432,$1733868643.68,0.13529,"Chemicals","US","Common Stock"
,"BJJP138","CRWD","Crowdstrike Holdings Inc",6047476,$1696135593.72,0.13235,"Software","US","Common Stock"
,"2304227","ECL","Ecolab Inc",6633528,$1693738704.24,0.13216,"Chemicals","US","Common Stock"
,"2378534","MCK","McKesson Corp",3397018,$1679553639.56,0.13105,"Health Care Providers & Services","US","Common Stock"
,"2313405","EMR","Emerson Electric Co",15000497,$1640604356.89,0.12802,"Electrical Equipment","US","Common Stock"
,"2142784","FDX","FedEx Corp",5903406,$1615644154.08,0.12607,"Air Freight & Logistics","US","Common Stock"
,"2359506","AJG","Arthur J Gallagher & Co",5738826,$1614733471.62,0.126,"Insurance","US","Common Stock"
,"2636607","NEM","Newmont Corp",30055665,$1606475294.25,0.12535,"Metals & Mining","US","Common Stock"
,"B505PN7","NXPI","NXP Semiconductors NV",6672629,$1601497686.29,0.12496,"Semiconductors & Semiconductor Equipment","US","Common Stock"
,"2749602","ROP","Roper Technologies Inc",2807823,$1562385030.12,0.12191,"Software","US","Common Stock"
,"2779201","SLB","Schlumberger NV",37196090,$1560375975.5,0.12176,"Energy Equipment & Services","US","Common Stock"
,"2065159","ADSK","Autodesk Inc",5643230,$1554597000.4,0.1213,"Software","US","Common Stock"
,"2210614","MAR","Marriott International Inc/MD",6121436,$1521788989.6,0.11874,"Hotels, Restaurants & Leisure","US","Common Stock"
,"2852533","PSA","Public Storage",4125776,$1501246113.12,0.11714,"Specialized REITs","US","REIT"
,"BKP7287","TFC","Truist Financial Corp",35076655,$1500228534.35,0.11706,"Banks","US","Common Stock"
,"2654461","COF","Capital One Financial Corp",10002362,$1497653662.26,0.11686,"Consumer Finance","US","Common Stock"
,"BYVMW06","HLT","Hilton Worldwide Holdings Inc",6455065,$1487892482.5,0.1161,"Hotels, Restaurants & Leisure","US","Common Stock"
,"2026361","AFL","Aflac Inc",13203796,$1476184392.8,0.11519,"Insurance","US","Common Stock"
,"2641894","NSC","Norfolk Southern Corp",5922474,$1471734789,0.11484,"Ground Transportation","US","Common Stock"
,"2250687","DHI","DR Horton Inc",7686417,$1466337771.09,0.11442,"Household Durables","US","Common Stock"
,"BMGYYH4","ABNB","Airbnb Inc",11525355,$1461530267.55,0.11404,"Hotels, Restaurants & Leisure","US","Common Stock"
,"2967181","WMB","Williams Cos Inc/The",31927966,$1457511647.9,0.11373,"Oil, Gas & Consumable Fuels","US","Common Stock"
,"2724193","O","Realty Income Corp",22810601,$1446648315.42,0.11288,"Retail REITs","US","REIT"
,"B78C4Y8","PSX","Phillips 66",10964443,$1441276032.35,0.11246,"Oil, Gas & Consumable Fuels","US","Common Stock"
,"2026242","AEP","American Electric Power Co Inc",13937123,$1429948819.8,0.11158,"Electric Utilities","US","Common Stock"
,"B3K3L40","MPC","Marathon Petroleum Corp",8768943,$1428548504.13,0.11147,"Oil, Gas & Consumable Fuels","US","Common Stock"
,"2134781","URI","United Rentals Inc",1744141,$1412283291.93,0.1102,"Trading Companies & Distributors","US","Common Stock"
,"2065955","AZO","AutoZone Inc",447511,$1409677550.44,0.11,"Specialty Retail","US","Common Stock"
,"2769503","TRV","Travelers Cos Inc/The",5970656,$1397849982.72,0.10907,"Insurance","US","Common Stock"
,"2130109","OKE","ONEOK Inc",15298948,$1394193131.24,0.10879,"Oil, Gas & Consumable Fuels","US","Common Stock"
,"B1Z77F6","BK","Bank of New York Mellon Corp/The",19331198,$1389139888.28,0.10839,"Capital Markets","US","Common Stock"
,"2138158","SRE","Sempra",16584224,$1386938653.12,0.10822,"Multi-Utilities","US","Common Stock"
,"BY7QL61","JCI","Johnson Controls International plc",17498167,$1358032740.87,0.10597,"Building Products","US","Common Stock"
,"2812452","SPG","Simon Property Group Inc",8030518,$1357318152.36,0.10591,"Retail REITs","US","REIT"
,"2665861","PCAR","PACCAR Inc",13731153,$1354990178.04,0.10573,"Machinery","US","Common Stock"
,"BTGQCX1","CCI","Crown Castle Inc",11382881,$1350351173.03,0.10537,"Specialized REITs","US","REIT"
,"B665KZ5","GM","General Motors Co",29442063,$1320182104.92,0.10301,"Automobiles","US","Common Stock"
,"2746711","ROST","Ross Stores Inc",8737777,$1315122816.27,0.10262,"Specialty Retail","US","Common Stock"
,"2019952","ALL","Allstate Corp/The",6915979,$1311615417.35,0.10234,"Insurance","US","Common Stock"
,"B03GQS4","DLR","Digital Realty Trust Inc",8063851,$1304973007.33,0.10183,"Specialized REITs","US","REIT"
,"B5B2106","FTNT","Fortinet Inc",16629188,$1289593529.4,0.10063,"Software","US","Common Stock"
,"2573209","MET","MetLife Inc",15409982,$1271015315.36,0.09918,"Insurance","US","Common Stock"
,"2542049","D","Dominion Energy Inc",21974431,$1269902367.49,0.09909,"Multi-Utilities","US","Common Stock"
,"2491839","KMB","Kimberly-Clark Corp",8821782,$1255163142.96,0.09794,"Household Products","US","Common Stock"
,"2330299","FICO","Fair Isaac Corp",642265,$1248254872.8,0.0974,"Software","US","Common Stock"
,"2027342","AIG","American International Group Inc",16870519,$1235428106.37,0.0964,"Insurance","US","Common Stock"
,"2380863","GWW","WW Grainger Inc",1163765,$1208930719.65,0.09433,"Trading Companies & Distributors","US","Common Stock"
,"B0J7D57","AMP","Ameriprise Financial Inc",2571865,$1208287895.65,0.09428,"Capital Markets","US","Common Stock"
,"2208073","CPRT","Copart Inc",22937019,$1201899795.6,0.09378,"Commercial Services & Supplies","US","Common Stock"
,"BRC3N84","TEL","TE Connectivity PLC",7960011,$1201882060.89,0.09378,"Electronic Equipment, Instruments & Components","US","Common Stock"
,"B2972D2","MSCI","MSCI Inc",2060504,$1201129596.72,0.09372,"Capital Markets","US","Common Stock"
,"2769796","FIS","Fidelity National Information Services Inc",14291845,$1196942018.75,0.0934,"Financial Services","US","Common Stock"
,"2511920","LEN","Lennar Corp",6331408,$1187012371.84,0.09262,"Household Durables","US","Common Stock"
,"BK9DTN5","LHX","L3Harris Technologies Inc",4968912,$1181955097.44,0.09223,"Aerospace & Defense","US","Common Stock"
,"B01Z7J1","MPWR","Monolithic Power Systems Inc",1276913,$1180506068.5,0.09211,"Semiconductors & Semiconductor Equipment","US","Common Stock"
,"2707677","PEG","Public Service Enterprise Group Inc",13048641,$1164069263.61,0.09083,"Multi-Utilities","US","Common Stock"
,"2240202","CMI","Cummins Inc",3589539,$1162256832.81,0.09069,"Machinery","US","Common Stock"
,"BQ84ZQ6","KVUE","Kenvue Inc",50166080,$1160341430.4,0.09054,"Personal Care Products","US","Common Stock"
,"2150204","PWR","Quanta Services Inc",3858989,$1150557570.35,0.08978,"Construction & Engineering","US","Common Stock"
,"2520153","A","Agilent Technologies Inc",7642405,$1134744294.4,0.08854,"Life Sciences Tools & Services","US","Common Stock"
,"2041364","VLO","Valero Energy Corp",8392644,$1133258719.32,0.08843,"Oil, Gas & Consumable Fuels","US","Common Stock"
,"2819118","PRU","Prudential Financial Inc",9351287,$1132440855.7,0.08836,"Insurance","US","Common Stock"
,"2592174","MCHP","Microchip Technology Inc",14053508,$1128356157.32,0.08805,"Semiconductors & Semiconductor Equipment","US","Common Stock"
,"2674458","PAYX","Paychex Inc",8395533,$1126596573.27,0.08791,"Professional Services","US","Common Stock"
,"BL6JPG8","GEHC","GE HealthCare Technologies Inc",11961264,$1122564626.4,0.08759,"Health Care Equipment & Supplies","US","Common Stock"
,"B3NQ4P8","KMI","Kinder Morgan Inc",50577779,$1117263138.11,0.08718,"Oil, Gas & Consumable Fuels","US","Common Stock"
,"2689560","PCG","PG&E Corp",55987255,$1106868031.35,0.08637,"Electric Utilities","US","Common Stock"
,"2754907","RCL","Royal Caribbean Cruises Ltd",6203583,$1100267480.88,0.08585,"Hotels, Restaurants & Leisure","US","Common Stock"
,"2740542","ACGL","Arch Capital Group Ltd",9809995,$1097542240.6,0.08564,"Insurance","US","Common Stock"
,"BK531S8","OTIS","Otis Worldwide Corp",10492665,$1090607600.1,0.0851,"Machinery","US","Common Stock"
,"2459202","IDXX","IDEXX Laboratories Inc",2156264,$1089387698.08,0.085,"Health Care Equipment & Supplies","US","Common Stock"
,"2615468","F","Ford Motor Co",102272448,$1079997050.88,0.08427,"Automobiles","US","Common Stock"
,"2367026","GIS","General Mills Inc",14580829,$1076794221.65,0.08402,"Food Products","US","Common Stock"
,"BDR73G1","IQV","IQVIA Holdings Inc",4537732,$1075306352.04,0.08391,"Life Sciences Tools & Services","US","Common Stock"
,"2262530","RSG","Republic Services Inc",5347496,$1073991096.64,0.0838,"Commercial Services & Supplies","US","Common Stock"
,"BKLJ8V2","HWM","Howmet Aerospace Inc",10687746,$1071446536.5,0.0836,"Aerospace & Defense","US","Common Stock"
,"2332262","FAST","Fastenal Co",14999668,$1071276288.56,0.08359,"Trading Companies & Distributors","US","Common Stock"
,"BZ8VJQ8","VST","Vistra Corp",8996487,$1066443568.98,0.08321,"Independent Power and Renewable Electricity Producers","US","Common Stock"
,"BK73B42","CTVA","Corteva Inc",18133307,$1066057118.53,0.08318,"Chemicals","US","Common Stock"
,"2670519","EXC","Exelon Corp",26193601,$1062150520.55,0.08288,"Electric Utilities","US","Common Stock"
,"2170473","STZ","Constellation Brands Inc",4104543,$1057699685.67,0.08253,"Beverages","US","Common Stock"
,"2089212","AME","AMETEK Inc",6064548,$1041343537.08,0.08126,"Electrical Equipment","US","Common Stock"
,"2567116","EW","Edwards Lifesciences Corp",15778842,$1041245783.58,0.08125,"Health Care Equipment & Supplies","US","Common Stock"
,"BD3W133","KDP","Keurig Dr Pepper Inc",27704027,$1038346931.96,0.08102,"Beverages","US","Common Stock"
,"BL5GZ82","IR","Ingersoll Rand Inc",10568304,$1037384720.64,0.08095,"Machinery","US","Common Stock"
,"2807061","CNC","Centene Corp",13779696,$1037335514.88,0.08094,"Health Care Providers & Services","US","Common Stock"
,"2098876","YUM","Yum! Brands Inc",7364930,$1028954370.3,0.08029,"Hotels, Restaurants & Leisure","US","Common Stock"
,"2795393","COR","Cencora Inc",4568085,$1028184571.8,0.08023,"Health Care Providers & Services","US","Common Stock"
,"2372763","IT","Gartner Inc",2018373,$1022830701.48,0.07981,"IT Services","US","Common Stock"
,"2868165","SYY","Sysco Corp",12881459,$1005526689.54,0.07846,"Consumer Staples Distribution & Retail","US","Common Stock"
,"BHXCF84","DOW","Dow Inc",18360864,$1003054000.32,0.07827,"Chemicals","US","Common Stock"
,"2257019","CTSH","Cognizant Technology Solutions Corp",12983107,$1002036198.26,0.07819,"IT Services","US","Common Stock"
,"B02HWR9","EXR","Extra Space Storage Inc",5550979,$1000230906.01,0.07805,"Specialized REITs","US","REIT"
,"B4P9W92","VRSK","Verisk Analytics Inc",3730475,$999618081,0.078,"Professional Services","US","Common Stock"
,"2445063","HUM","Humana Inc",3153703,$998903888.22,0.07794,"Health Care Providers & Services","US","Common Stock"
,"2023748","HES","Hess Corp",7239762,$983159679.6,0.07672,"Oil, Gas & Consumable Fuels","US","Common Stock"
,"B6WVMH3","CBRE","CBRE Group Inc",7889553,$982091557.44,0.07663,"Real Estate Management & Development","US","Common Stock"
,"2656423","ODFL","Old Dominion Freight Line Inc",4938270,$980937952.8,0.07654,"Ground Transportation","US","Common Stock"
,"BK0VN47","DD","DuPont de Nemours Inc",10935703,$974480494.33,0.07604,"Chemicals","US","Common Stock"
,"BZ07BW4","MNST","Monster Beverage Corp",18473861,$963781328.37,0.0752,"Beverages","US","Common Stock"
,"2614807","XEL","Xcel Energy Inc",14602359,$953534042.7,0.0744,"Electric Utilities","US","Common Stock"
,"2319146","EFX","Equifax Inc",3240991,$952397615.26,0.07432,"Professional Services","US","Common Stock"
,"2216850","ED","Consolidated Edison Inc",9058851,$943298154.63,0.07361,"Multi-Utilities","US","Common Stock"
,"BDHLTQ5","BKR","Baker Hughes Co",26021941,$940693167.15,0.0734,"Energy Equipment & Services","US","Common Stock"
,"2732903","RMD","ResMed Inc",3848513,$939498993.56,0.07331,"Health Care Equipment & Supplies","US","Common Stock"
,"2497406","KR","Kroger Co/The",16394559,$939408230.7,0.0733,"Consumer Staples Distribution & Retail","US","Common Stock"
,"2651086","NUE","Nucor Corp",6217048,$934670996.32,0.07293,"Metals & Mining","US","Common Stock"
,"B1YLC43","DFS","Discover Financial Services",6576731,$922649591.99,0.07199,"Consumer Finance","US","Common Stock"
,"BYX4D52","HPQ","HP Inc",25614691,$918798966.17,0.07169,"Technology Hardware, Storage & Peripherals","US","Common Stock"
,"BVFTF03","IRM","Iron Mountain Inc",7683256,$913001310.48,0.07124,"Specialized REITs","US","REIT"
,"2224701","GLW","Corning Inc",20172708,$910797766.2,0.07107,"Electronic Equipment, Instruments & Components","US","Common Stock"
,"2655408","OXY","Occidental Petroleum Corp",17636592,$908989951.68,0.07093,"Oil, Gas & Consumable Fuels","US","Common Stock"
,"2310194","EA","Electronic Arts Inc",6298231,$903418254.64,0.07049,"Entertainment","US","Common Stock"
,"2476193","HIG","Hartford Financial Services Group Inc/The",7675346,$902697443.06,0.07044,"Insurance","US","Common Stock"
,"BHKD3S6","DELL","Dell Technologies Inc",7492795,$888195919.3,0.06931,"Technology Hardware, Storage & Peripherals","US","Common Stock"
,"2829515","EIX","Edison International",10114990,$880914479.1,0.06874,"Electric Utilities","US","Common Stock"
,"2931205","VMC","Vulcan Materials Co",3459053,$866250642.79,0.06759,"Construction Materials","US","Common Stock"
,"2572079","MLM","Martin Marietta Materials Inc",1600899,$861683886.75,0.06724,"Construction Materials","US","Common Stock"
,"B3P2CN8","XYL","Xylem Inc/NY",6361967,$859056404.01,0.06703,"Machinery","US","Common Stock"
,"B1W9D46","DAL","Delta Air Lines Inc",16797370,$853138422.3,0.06657,"Passenger Airlines","US","Common Stock"
,"BYWH073","VICI","VICI Properties Inc",25577930,$852000848.3,0.06648,"Specialized REITs","US","REIT"
,"B55PZY3","TRGP","Targa Resources Corp",5738875,$849410888.75,0.06628,"Oil, Gas & Consumable Fuels","US","Common Stock"
,"B7Y8YR3","FANG","Diamondback Energy Inc",4907211,$846003176.4,0.06601,"Oil, Gas & Consumable Fuels","US","Common Stock"
,"2131179","AVB","AvalonBay Communities Inc",3720110,$837954777.5,0.06539,"Residential REITs","US","REIT"
,"2293819","EBAY","eBay Inc",12810874,$834116006.14,0.06509,"Broadline Retail","US","Common Stock"
,"2955733","WAB","Westinghouse Air Brake Technologies Corp",4588558,$834062187.66,0.06508,"Machinery","US","Common Stock"
,"2126249","MTD","Mettler-Toledo International Inc",555792,$833521262.4,0.06504,"Life Sciences Tools & Services","US","Common Stock"
,"BZ6VT82","CHTR","Charter Communications Inc",2542852,$824087476.16,0.0643,"Media","US","Common Stock"
,"2900335","TSCO","Tractor Supply Co",2825292,$821962201.56,0.06414,"Specialty Retail","US","Common Stock"
,"B23FN39","LULU","Lululemon Athletica Inc",3012146,$817345817.1,0.06378,"Textiles, Apparel & Luxury Goods","US","Common Stock"
,"2583576","ON","ON Semiconductor Corp",11220671,$814732921.31,0.06357,"Semiconductors & Semiconductor Equipment","US","Common Stock"
,"BYRY499","KHC","Kraft Heinz Co/The",23105377,$811229786.47,0.0633,"Food Products","US","Common Stock"
,"2262864","CSGP","CoStar Group Inc",10734544,$809813999.36,0.06319,"Real Estate Management & Development","US","Common Stock"
,"2698470","PPG","PPG Industries Inc",6111136,$809481074.56,0.06316,"Chemicals","US","Common Stock"
,"2754060","ROK","Rockwell Automation Inc",2971982,$797858287.72,0.06226,"Electrical Equipment","US","Common Stock"
,"BYY8XK8","WEC","WEC Energy Group Inc",8278852,$796259985.36,0.06213,"Multi-Utilities","US","Common Stock"
,"BBM5MD6","CDW","CDW Corp/DE",3499138,$791854929.4,0.06179,"Electronic Equipment, Instruments & Components","US","Common Stock"
,"2965107","NDAQ","Nasdaq Inc",10839286,$791376270.86,0.06175,"Capital Markets","US","Common Stock"
,"2637785","NVR","NVR Inc",80457,$789427992.6,0.0616,"Household Durables","US","Common Stock"
,"BDB6Q21","WTW","Willis Towers Watson PLC",2660042,$783462170.26,0.06113,"Insurance","US","Common Stock"
,"2708841","PHM","PulteGroup Inc",5436595,$780314480.35,0.06089,"Household Durables","US","Common Stock"
,"2340168","MTB","M&T Bank Corp",4374635,$779209986.2,0.0608,"Banks","US","Common Stock"
,"2336747","FITB","Fifth Third Bancorp",17728707,$759497807.88,0.05926,"Banks","US","Common Stock"
,"BDT5S35","AXON","Axon Enterprise Inc",1879990,$751244004,0.05862,"Aerospace & Defense","US","Common Stock"
,"2047317","ADM","Archer-Daniels-Midland Co",12526479,$748331855.46,0.05839,"Food Products","US","Common Stock"
,"B2R3PV1","AWK","American Water Works Co Inc",5103882,$746391703.68,0.05824,"Water Utilities","US","Common Stock"
,"2422806","HSY","Hershey Co/The",3867953,$741796026.34,0.05788,"Food Products","US","Common Stock"
,"2455965","BIIB","Biogen Inc",3815282,$739554262.88,0.05771,"Biotechnology","US","Common Stock"
,"2317087","ETR","Entergy Corp",5600164,$737037584.04,0.05751,"Electric Utilities","US","Common Stock"
,"2045623","ANSS","ANSYS Inc",2288922,$729319216.86,0.05691,"Software","US","Common Stock"
,"BQZJ0Q9","KEYS","Keysight Technologies Inc",4572043,$726634793.99,0.0567,"Electronic Equipment, Instruments & Components","US","Common Stock"
,"BYT3MK1","FTV","Fortive Corp",9176860,$724329559.8,0.05652,"Machinery","US","Common Stock"
,"BPGMZQ5","VLTO","Veralto Corp",6468550,$723572003,0.05646,"Commercial Services & Supplies","US","Common Stock"
,"B3Z5T14","GRMN","Garmin Ltd",4027696,$708995326.88,0.05532,"Household Durables","US","Common Stock"
,"2175672","CAH","Cardinal Health Inc",6387434,$705939205.68,0.05508,"Health Care Providers & Services","US","Common Stock"
,"B0796X4","DXCM","Dexcom Inc",10499425,$703881452,0.05492,"Health Care Equipment & Supplies","US","Common Stock"
,"2464165","IFF","International Flavors & Fragrances Inc",6696845,$702699945.85,0.05483,"Chemicals","US","Common Stock"
,"B1HMF22","FSLR","First Solar Inc",2803842,$699390348.48,0.05457,"Semiconductors & Semiconductor Equipment","US","Common Stock"
,"BYVYWS0","HPE","Hewlett Packard Enterprise Co",34043283,$696525570.18,0.05435,"Technology Hardware, Storage & Peripherals","US","Common Stock"
,"2280220","DTE","DTE Energy Co",5422839,$696346755.99,0.05434,"Multi-Utilities","US","Common Stock"
,"2927925","VTR","Ventas Inc",10820968,$693948677.84,0.05415,"Health Care REITs","US","REIT"
,"2842040","STT","State Street Corp",7822125,$692023398.75,0.054,"Capital Markets","US","Common Stock"
,"2278407","DOV","Dover Corp",3600895,$690435607.3,0.05387,"Machinery","US","Common Stock"
,"BZ6TS23","SBAC","SBA Communications Corp",2814915,$677550040.5,0.05287,"Specialized REITs","US","REIT"
,"2405302","HAL","Halliburton Co",23124531,$671767625.55,0.05242,"Energy Equipment & Services","US","Common Stock"
,"2195841","CHD","Church & Dwight Co Inc",6412333,$671499511.76,0.0524,"Household Products","US","Common Stock"
,"2319157","EQR","Equity Residential",8936842,$665437255.32,0.05192,"Residential REITs","US","REIT"
,"2630643","NTAP","NetApp Inc",5384258,$665009705.58,0.05189,"Technology Hardware, Storage & Peripherals","US","Common Stock"
,"B1VP7R6","BR","Broadridge Financial Solutions Inc",3056965,$657339183.95,0.05129,"Professional Services","US","Common Stock"
,"2122117","TTWO","Take-Two Interactive Software Inc",4269078,$656199979.38,0.0512,"Entertainment","US","Common Stock"
,"B3SPXZ3","LYB","LyondellBasell Industries NV",6811436,$653216712.4,0.05097,"Chemicals","US","Common Stock"
,"2909644","TYL","Tyler Technologies Inc",1117778,$652469374.16,0.05091,"Software","US","Common Stock"
,"2958936","WY","Weyerhaeuser Co",19050608,$645053586.88,0.05033,"Specialized REITs","US","REIT"
,"2692687","BRO","Brown & Brown Inc",6202037,$642531033.2,0.05014,"Insurance","US","Common Stock"
,"2480677","DVN","Devon Energy Corp",16403351,$641699091.12,0.05007,"Oil, Gas & Consumable Fuels","US","Common Stock"
,"2680905","PPL","PPL Corp",19323917,$639235174.36,0.04988,"Electric Utilities","US","Common Stock"
,"BRK49M5","SW","Smurfit WestRock PLC",12927316,$638867956.72,0.04985,"Containers & Packaging","US","Common Stock"
,"BVVN4Q8","ES","Eversource Energy",9360224,$636963243.2,0.0497,"Electric Utilities","US","Common Stock"
,"2267278","DECK","Deckers Outdoor Corp",3993813,$636813482.85,0.04969,"Textiles, Apparel & Luxury Goods","US","Common Stock"
,"2702337","TROW","T Rowe Price Group Inc",5830834,$635152747.62,0.04956,"Capital Markets","US","Common Stock"
,"BFY8C75","STE","STERIS PLC",2583062,$626495857.48,0.04889,"Health Care Equipment & Supplies","US","Common Stock"
,"2050832","AEE","Ameren Corp",6988612,$611224005.52,0.04769,"Multi-Utilities","US","Common Stock"
,"2320524","EL","Estee Lauder Cos Inc/The",6103884,$608496195.96,0.04748,"Personal Care Products","US","Common Stock"
,"BDFG6S3","HUBB","Hubbell Inc",1406164,$602330349.4,0.047,"Electrical Equipment","US","Common Stock"
,"BKVD2N4","STX","Seagate Technology Holdings PLC",5498001,$602196049.53,0.04699,"Technology Hardware, Storage & Peripherals","US","Common Stock"
,"2100920","FE","FirstEnergy Corp",13427178,$595495344.3,0.04647,"Electric Utilities","US","Common Stock"
,"2718992","RJF","Raymond James Financial Inc",4855257,$594574772.22,0.04639,"Capital Markets","US","Common Stock"
,"BGSXTS3","MRNA","Moderna Inc",8859610,$592087736.3,0.0462,"Biotechnology","US","Common Stock"
,"B0BV2M7","BLDR","Builders FirstSource Inc",3050843,$591436423.98,0.04615,"Building Products","US","Common Stock"
,"2954699","WDC","Western Digital Corp",8552521,$584051659.09,0.04557,"Technology Hardware, Storage & Peripherals","US","Common Stock"
,"BWFRFC6","GDDY","GoDaddy Inc",3692928,$578977251.84,0.04518,"IT Services","US","Common Stock"
,"2783815","ZBH","Zimmer Biomet Holdings Inc",5334487,$575857871.65,0.04493,"Health Care Equipment & Supplies","US","Common Stock"
,"BQPDXR3","COO","Cooper Cos Inc/The",5215330,$575459512.2,0.0449,"Health Care Equipment & Supplies","US","Common Stock"
,"BDV82B8","LDOS","Leidos Holdings Inc",3528632,$575167016,0.04488,"Professional Services","US","Common Stock"
,"2884183","TER","Teradyne Inc",4273375,$572333113.75,0.04466,"Semiconductors & Semiconductor Equipment","US","Common Stock"
,"2950482","WST","West Pharmaceutical Services Inc",1900079,$570327712.64,0.0445,"Life Sciences Tools & Services","US","Common Stock"
,"2319414","EQT","EQT Corp",15559522,$570100886.08,0.04448,"Oil, Gas & Consumable Fuels","US","Common Stock"
,"BMX5GK7","CPAY","Corpay Inc",1818611,$568788776.36,0.04438,"Financial Services","US","Common Stock"
,"B95N910","PTC","PTC Inc",3146712,$568484989.92,0.04436,"Software","US","Common Stock"
,"2486813","K","Kellanova",7026358,$567097354.18,0.04425,"Food Products","US","Common Stock"
,"2315359","ATO","Atmos Energy Corp",4065360,$563906085.6,0.044,"Gas Utilities","US","Common Stock"
,"B5834C5","CBOE","Cboe Global Markets Inc",2741025,$561553791.75,0.04382,"Capital Markets","US","Common Stock"
,"2937689","WAT","Waters Corp",1554780,$559549774.2,0.04366,"Life Sciences Tools & Services","US","Common Stock"
,"2445966","HBAN","Huntington Bancshares Inc/OH",38043251,$559235789.7,0.04364,"Banks","US","Common Stock"
,"B01R311","RF","Regions Financial Corp",23970089,$559222176.37,0.04364,"Banks","US","Common Stock"
,"2196888","CINF","Cincinnati Financial Corp",4092811,$557113433.32,0.04347,"Insurance","US","Common Stock"
,"2219224","CMS","CMS Energy Corp",7825002,$552679891.26,0.04313,"Multi-Utilities","US","Common Stock"
,"2712013","GPN","Global Payments Inc",5384841,$551515415.22,0.04303,"Financial Services","US","Common Stock"
,---,---,"Super Micro Computer Inc",1318947,$549209530.8,0.04285,"Technology Hardware, Storage & Peripherals","US","Common Stock"
,"2550161","MKC","McCormick & Co Inc/MD",6601386,$543294067.8,0.04239,"Food Products","US","Common Stock"
,"2073022","BALL","Ball Corp",7952253,$540037501.23,0.04214,"Containers & Packaging","US","Common Stock"
,"2503477","TDY","Teledyne Technologies Inc",1225460,$536334823.6,0.04185,"Electronic Equipment, Instruments & Components","US","Common Stock"
,"2094670","BBY","Best Buy Co Inc",5141559,$531123044.7,0.04144,"Specialty Retail","US","Common Stock"
,"2279303","OMC","Omnicom Group Inc",5125037,$529877575.43,0.04135,"Media","US","Common Stock"
,"2212706","MOH","Molina Healthcare Inc",1534926,$528874102.56,0.04127,"Health Care Providers & Services","US","Common Stock"
,"2204026","CLX","Clorox Co/The",3244303,$528529401.73,0.04124,"Household Products","US","Common Stock"
,"BD81GW9","INVH","Invitation Homes Inc",14923215,$526192560.9,0.04106,"Residential REITs","US","REIT"
,"BP96PS6","SYF","Synchrony Financial",10353515,$516433328.2,0.0403,"Consumer Finance","US","Common Stock"
,"2367480","GPC","Genuine Parts Co",3649124,$509709640.32,0.03977,"Distributors","US","Common Stock"
,"2289874","DRI","Darden Restaurants Inc",3103402,$509361370.26,0.03975,"Hotels, Restaurants & Leisure","US","Common Stock"
,"2085102","BAX","Baxter International Inc",13362674,$507380731.78,0.03959,"Health Care Equipment & Supplies","US","Common Stock"
,"2504566","PKG","Packaging Corp of America",2335378,$503040421.2,0.03925,"Containers & Packaging","US","Common Stock"
,"2440637","CNP","CenterPoint Energy Inc",17069013,$502170362.46,0.03918,"Multi-Utilities","US","Common Stock"
,"B783TY6","APTV","Aptiv PLC",6961914,$501327427.14,0.03912,"Automobile Components","US","Common Stock"
,"2989356","ZBRA","Zebra Technologies Corp",1351032,$500314170.24,0.03904,"Electronic Equipment, Instruments & Components","US","Common Stock"
,"2316619","ESS","Essex Property Trust Inc",1682285,$496980634.7,0.03878,"Residential REITs","US","REIT"
,"2433530","HOLX","Hologic Inc",6084177,$495617058.42,0.03867,"Health Care Equipment & Supplies","US","Common Stock"
,"2212922","NRG","NRG Energy Inc",5406120,$492497532,0.03843,"Electric Utilities","US","Common Stock"
,"BSBK800","LH","Labcorp Holdings Inc",2199284,$491495988.32,0.03835,"Health Care Providers & Services","US","Common Stock"
,"B4QG225","UAL","United Airlines Holdings Inc",8613473,$491484769.38,0.03835,"Passenger Airlines","US","Common Stock"
,"2523044","CCL","Carnival Corp",26460503,$488990095.44,0.03816,"Hotels, Restaurants & Leisure","US","Common Stock"
,"B5B1S13","DG","Dollar General Corp",5759582,$487087849.74,0.03801,"Consumer Staples Distribution & Retail","US","Common Stock"
,"2589132","MAA","Mid-America Apartment Communities Inc",3061286,$486438345.4,0.03796,"Residential REITs","US","REIT"
,"B28TS42","ULTA","Ulta Beauty Inc",1249763,$486307778.56,0.03795,"Specialty Retail","US","Common Stock"
,"2325507","EXPD","Expeditors International of Washington Inc",3696993,$485784880.2,0.03791,"Air Freight & Logistics","US","Common Stock"
,"2009210","ARE","Alexandria Real Estate Equities Inc",4078178,$484283637.5,0.03779,"Health Care REITs","US","REIT"
,"B748CK2","EXPE","Expedia Group Inc",3265571,$483369819.42,0.03772,"Hotels, Restaurants & Leisure","US","Common Stock"
,"BQRX1X3","CFG","Citizens Financial Group Inc",11743281,$482296550.67,0.03763,"Banks","US","Common Stock"
,"BM8JYX3","WBD","Warner Bros Discovery Inc",58443669,$482160269.25,0.03762,"Entertainment","US","Common Stock"
,"2570200","MAS","Masco Corp",5717035,$479887917.9,0.03745,"Building Products","US","Common Stock"
,"2803014","PFG","Principal Financial Group Inc",5581071,$479413998.9,0.03741,"Insurance","US","Common Stock"
,"2648668","NTRS","Northern Trust Corp",5282019,$475540170.57,0.03711,"Capital Markets","US","Common Stock"
,"2849472","STLD","Steel Dynamics Inc",3759223,$473962835.84,0.03698,"Metals & Mining","US","Common Stock"
,"2679204","ALGN","Align Technology Inc",1839098,$467719403.36,0.0365,"Health Care Equipment & Supplies","US","Common Stock"
,"B02T2J7","LVS","Las Vegas Sands Corp",9260634,$466180315.56,0.03638,"Hotels, Restaurants & Leisure","US","Common Stock"
,"2066408","AVY","Avery Dennison Corp",2109031,$465589683.56,0.03633,"Containers & Packaging","US","Common Stock"
,"2831543","LUV","Southwest Airlines Co",15693926,$465011027.38,0.03628,"Passenger Airlines","US","Common Stock"
,"2162340","CTRA","Coterra Energy Inc",19365141,$463795126.95,0.03619,"Oil, Gas & Consumable Fuels","US","Common Stock"
,"2329770","FDS","FactSet Research Systems Inc",996323,$458159131.55,0.03575,"Capital Markets","US","Common Stock"
,"2702791","DGX","Quest Diagnostics Inc",2915692,$452661183,0.03532,"Health Care Providers & Services","US","Common Stock"
,"B0T7YX2","LYV","Live Nation Entertainment Inc",4100044,$448913817.56,0.03503,"Entertainment","US","Common Stock"
,"2093644","WRB","W R Berkley Corp",7874909,$446743587.57,0.03486,"Insurance","US","Common Stock"
,"2909730","TSN","Tyson Foods Inc",7486451,$445893021.56,0.03479,"Food Products","US","Common Stock"
,"2465254","IP","International Paper Co",9098914,$444481948.9,0.03468,"Containers & Packaging","US","Common Stock"
,"2556868","EG","Everest Group Ltd",1133530,$444151059.9,0.03466,"Insurance","US","Common Stock"
,"B3Q2FJ4","SWK","Stanley Black & Decker Inc",4032628,$444113321.64,0.03465,"Machinery","US","Common Stock"
,"2885937","TXT","Textron Inc",4908104,$434759852.32,0.03392,"Aerospace & Defense","US","Common Stock"
,"BNGC0D3","J","Jacobs Solutions Inc",3279693,$429311813.7,0.0335,"Professional Services","US","Common Stock"
,"BJ1F307","AMCR","Amcor PLC",37858148,$428932816.84,0.03347,"Containers & Packaging","US","Common Stock"
,"B1XGNW4","PODD","Insulet Corp",1836494,$427443978.5,0.03335,"Health Care Equipment & Supplies","US","Common Stock"
,"2456612","IEX","IDEX Corp",1982907,$425333551.5,0.03319,"Machinery","US","Common Stock"
,"BLS09M3","PNR","Pentair PLC",4334759,$423896082.61,0.03308,"Machinery","US","Common Stock"
,"BJBLRK3","DOC","Healthpeak Properties Inc",18434202,$421590199.74,0.0329,"Health Care REITs","US","REIT"
,"2142922","VRSN","VeriSign Inc",2199084,$417737996.64,0.0326,"IT Services","US","Common Stock"
,"2961053","SWKS","Skyworks Solutions Inc",4183864,$413240247.28,0.03224,"Semiconductors & Semiconductor Equipment","US","Common Stock"
,"2305844","RVTY","Revvity Inc",3230613,$412710810.75,0.0322,"Life Sciences Tools & Services","US","Common Stock"
,"2491594","KIM","Kimco Realty Corp",17656473,$409983303.06,0.03199,"Retail REITs","US","REIT"
,"2215460","CAG","Conagra Brands Inc",12548000,$408060960,0.03184,"Food Products","US","Common Stock"
,"2973821","LNT","Alliant Energy Corp",6718431,$407741577.39,0.03182,"Electric Utilities","US","Common Stock"
,"2490911","KEY","KeyCorp",24312862,$407240438.5,0.03178,"Banks","US","Common Stock"
,"2645409","NI","NiSource Inc",11748255,$407077035.75,0.03176,"Multi-Utilities","US","Common Stock"
,"B0G4K50","CF","CF Industries Holdings Inc",4725944,$405485995.2,0.03164,"Chemicals","US","Common Stock"
,"B65SQW4","ENPH","Enphase Energy Inc",3547114,$400894824.28,0.03128,"Semiconductors & Semiconductor Equipment","US","Common Stock"
,"2507457","AKAM","Akamai Technologies Inc",3969299,$400700734.05,0.03127,"IT Services","US","Common Stock"
,"2818740","SNA","Snap-on Inc",1380035,$399809939.85,0.0312,"Machinery","US","Common Stock"
,"2903958","TRMB","Trimble Inc",6396925,$397185073.25,0.03099,"Electronic Equipment, Instruments & Components","US","Common Stock"
,"B01SD70","DPZ","Domino's Pizza Inc",916126,$394062437.64,0.03075,"Hotels, Restaurants & Leisure","US","Common Stock"
,"2910970","MRO","Marathon Oil Corp",14652768,$390203211.84,0.03045,"Oil, Gas & Consumable Fuels","US","Common Stock"
,"BJN4XN5","GEN","Gen Digital Inc",14189632,$389221605.76,0.03037,"Software","US","Common Stock"
,"B05MZT4","CE","Celanese Corp",2860340,$388891826.4,0.03035,"Chemicals","US","Common Stock"
,"2781585","POOL","Pool Corp",1002034,$377566411.2,0.02946,"Distributors","US","Common Stock"
,"2523022","L","Loews Corp",4772445,$377261777.25,0.02944,"Insurance","US","Common Stock"
,"2641838","NDSN","Nordson Corp",1425077,$374267972.51,0.0292,"Machinery","US","Common Stock"
,"BFMXGR0","EVRG","Evergy Inc",6024622,$373586810.22,0.02915,"Electric Utilities","US","Common Stock"
,"2002479","AES","AES Corp/The",18621371,$373544702.26,0.02915,"Independent Power and Renewable Electricity Producers","US","Common Stock"
,"2272476","DLTR","Dollar Tree Inc",5293220,$372219230.4,0.02904,"Consumer Staples Distribution & Retail","US","Common Stock"
,"2747305","ROL","Rollins Inc",7357980,$372166628.4,0.02904,"Commercial Services & Supplies","US","Common Stock"
,"2445416","JBHT","JB Hunt Transport Services Inc",2110304,$363668688.32,0.02838,"Ground Transportation","US","Common Stock"
,"BMWS3X9","VTRS","Viatris Inc",31262372,$362956138.92,0.02832,"Pharmaceuticals","US","Common Stock"
,"BQ6BPG9","BG","Bunge Global SA",3710652,$358597409.28,0.02798,"Food Products","US","Common Stock"
,"2923785","UHS","Universal Health Services Inc",1557402,$356660632.02,0.02783,"Health Care Providers & Services","US","Common Stock"
,"2727910","UDR","UDR Inc",7861954,$356460994.36,0.02781,"Residential REITs","US","REIT"
,"2471789","JBL","Jabil Inc",2972475,$356191679.25,0.02779,"Electronic Equipment, Instruments & Components","US","Common Stock"
,"2311711","ERIE","Erie Indemnity Co",649551,$350640620.82,0.02736,"Insurance","US","Common Stock"
,"2166320","CPT","Camden Property Trust",2793050,$345025466.5,0.02692,"Residential REITs","US","REIT"
,"2298386","EMN","Eastman Chemical Co",3062003,$342791235.85,0.02675,"Chemicals","US","Common Stock"
,"2116228","CHRW","CH Robinson Worldwide Inc",3071992,$339055757.04,0.02646,"Air Freight & Logistics","US","Common Stock"
,"2951452","SJM","J M Smucker Co/The",2787785,$337600763.5,0.02634,"Food Products","US","Common Stock"
,"2469193","JKHY","Jack Henry & Associates Inc",1909460,$337096068.4,0.0263,"Financial Services","US","Common Stock"
,"2427599","FFIV","F5 Inc",1526616,$336160843.2,0.02623,"Communications Equipment","US","Common Stock"
,"2431846","JNPR","Juniper Networks Inc",8621634,$336071293.32,0.02622,"Communications Equipment","US","Common Stock"
,"BFRT3W7","ALLE","Allegion plc",2282185,$332605641.9,0.02595,"Building Products","US","Common Stock"
,"BSHZ3Q0","TECH","Bio-Techne Corp",4127147,$329882859.71,0.02574,"Life Sciences Tools & Services","US","Common Stock"
,"2567503","HST","Host Hotels & Resorts Inc",18399495,$323831112,0.02527,"Hotel & Resort REITs","US","REIT"
,"2983563","KMX","CarMax Inc",4088534,$316370760.92,0.02469,"Specialty Retail","US","Common Stock"
,"2466321","IPG","Interpublic Group of Cos Inc/The",9838176,$311181506.88,0.02428,"Media","US","Common Stock"
,"2726177","REG","Regency Centers Corp",4278840,$309060613.2,0.02412,"Retail REITs","US","REIT"
,"2019479","BXP","BXP Inc",3806149,$306242748.54,0.0239,"Office REITs","US","REIT"
,"2881407","TFX","Teleflex Inc",1234085,$305213902.2,0.02382,"Health Care Equipment & Supplies","US","Common Stock"
,"B44Z3T8","EPAM","EPAM Systems Inc",1491757,$296904395.71,0.02317,"IT Services","US","Common Stock"
,"2046853","ALB","Albemarle Corp",3078447,$291559715.37,0.02275,"Chemicals","US","Common Stock"
,"BP96PQ4","CTLT","Catalent Inc",4740620,$287139353.4,0.02241,"Pharmaceuticals","US","Common Stock"
,"BF09HX3","TPR","Tapestry Inc",6030155,$283296681.9,0.02211,"Textiles, Apparel & Luxury Goods","US","Common Stock"
,"2816023","AOS","A O Smith Corp",3142056,$282250890.48,0.02202,"Building Products","US","Common Stock"
,"2471950","INCY","Incyte Corp",4186956,$276757791.6,0.0216,"Biotechnology","US","Common Stock"
,"2971029","LKQ","LKQ Corp",6895915,$275284926.8,0.02148,"Distributors","US","Common Stock"
,"B40SSC9","HII","Huntington Ingalls Industries Inc",1027196,$271570078.48,0.02119,"Aerospace & Defense","US","Common Stock"
,"2331430","AIZ","Assurant Inc",1356599,$269773277.14,0.02105,"Insurance","US","Common Stock"
,"2604336","CRL","Charles River Laboratories International Inc",1352307,$266363909.79,0.02078,"Life Sciences Tools & Services","US","Common Stock"
,"B067BM3","TAP","Molson Coors Beverage Co",4602861,$264756564.72,0.02066,"Beverages","US","Common Stock"
,"BBGVT40","NWSA","News Corp",9928071,$264384530.73,0.02063,"Media","US","Common Stock"
,"2048804","PNW","Pinnacle West Capital Corp",2974469,$263508208.71,0.02056,"Electric Utilities","US","Common Stock"
,"BR9YYP4","QRVO","Qorvo Inc",2484702,$256669716.6,0.02003,"Semiconductors & Semiconductor Equipment","US","Common Stock"
,"BK80XH9","MTCH","Match Group Inc",6756472,$255664900.48,0.01995,"Interactive Media & Services","US","Common Stock"
,"BFX1V56","DAY","Dayforce Inc",4140971,$253634473.75,0.01979,"Professional Services","US","Common Stock"
,"B03Q9D0","MKTX","MarketAxess Holdings Inc",988744,$253316212.8,0.01977,"Capital Markets","US","Common Stock"
,"2162845","CPB","Campbell Soup Co",5161158,$252483849.36,0.0197,"Food Products","US","Common Stock"
,"BMTQB43","SOLV","Solventum Corp",3619036,$252319189.92,0.01969,"Health Care Equipment & Supplies","US","Common Stock"
,"B6197Q2","GNRC","Generac Holdings Inc",1576043,$250401711.84,0.01954,"Electrical Equipment","US","Common Stock"
,"BJJMGL2","FOXA","Fox Corp",5888320,$249252585.6,0.01945,"Media","US","Common Stock"
,"BK6YKG1","GL","Globe Life Inc",2351995,$249099790.45,0.01944,"Insurance","US","Common Stock"
,"2414580","HAS","Hasbro Inc",3432417,$248232397.44,0.01937,"Leisure Products","US","Common Stock"
,"BDQZFJ3","LW","Lamb Weston Holdings Inc",3763081,$243621863.94,0.01901,"Food Products","US","Common Stock"
,"2416962","HSIC","Henry Schein Inc",3319242,$241972741.8,0.01888,"Health Care Providers & Services","US","Common Stock"
,"2437264","HRL","Hormel Foods Corp",7611620,$241288354,0.01883,"Food Products","US","Common Stock"
,"BNNF1C1","APA","Apa Corp",9687167,$236948104.82,0.01849,"Oil, Gas & Consumable Fuels","US","Common Stock"
,"BMWWGB0","CZR","Caesars Entertainment Inc",5666465,$236518249.1,0.01846,"Hotels, Restaurants & Leisure","US","Common Stock"
,"2547419","MGM","MGM Resorts International",6050264,$236504819.76,0.01845,"Hotels, Restaurants & Leisure","US","Common Stock"
,"2146838","BF/B","Brown-Forman Corp",4801172,$236217662.4,0.01843,"Beverages","US","Common Stock"
,"B9CGTC3","NCLH","Norwegian Cruise Line Holdings Ltd",11516402,$236201405.02,0.01843,"Hotels, Restaurants & Leisure","US","Common Stock"
,"2963811","WYNN","Wynn Resorts Ltd",2449770,$234883947.6,0.01833,"Hotels, Restaurants & Leisure","US","Common Stock"
,"BN7P9B2","FRT","Federal Realty Investment Trust",1971732,$226690028.04,0.01769,"Retail REITs","US","REIT"
,"B3NPHP6","MOS","Mosaic Co/The",8346447,$223517850.66,0.01744,"Chemicals","US","Common Stock"
,"2598699","MHK","Mohawk Industries Inc",1372295,$220500360.6,0.01721,"Household Durables","US","Common Stock"
,"2111955","BWA","BorgWarner Inc",5965843,$216500442.47,0.01689,"Automobile Components","US","Common Stock"
,"2328603","FMC","FMC Corp",3269445,$215587203.3,0.01682,"Chemicals","US","Common Stock"
,"BL95MY0","PAYC","Paycom Software Inc",1274572,$212305458.04,0.01657,"Professional Services","US","Common Stock"
,"B28XP76","IVZ","Invesco Ltd",11787181,$206982898.36,0.01615,"Capital Markets","US","Common Stock"
,"B4V9661","RL","Ralph Lauren Corp",1049273,$203422556.51,0.01587,"Textiles, Apparel & Luxury Goods","US","Common Stock"
,"2898087","DVA","DaVita Inc",1208752,$198150715.36,0.01546,"Health Care Providers & Services","US","Common Stock"
,"BTN1Y44","WBA","Walgreens Boots Alliance Inc",18767756,$168159093.76,0.01312,"Consumer Staples Distribution & Retail","US","Common Stock"
,"BKTNTR9","PARA","Paramount Global",15562362,$165272284.44,0.0129,"Media","US","Common Stock"
,"2350684","BEN","Franklin Resources Inc",8081051,$162833177.65,0.01271,"Capital Markets","US","Common Stock"
,"BJJMGY5","FOX","Fox Corp",3452057,$133939811.6,0.01045,"Media","US","Common Stock"
,"BMZLFJ5","AMTM","Amentum Holdings Inc",3279693,$105770099.25,0.00825,"Professional Services","US","Common Stock"
,"BBGVT51","NWS","News Corp",2923229,$81704250.55,0.00638,"Media","US","Common Stock"
,"BRC3N73","SMCI","Super Micro Computer Inc",168,$69955.2,0.00001,"Technology Hardware, Storage & Peripherals","US","Common Stock"
,"BNNTGJ5","BBWI","Bath & Body Works Inc",720,$22982.4,0,"Specialty Retail","US","Common Stock"
,"99X8390",---,"ABIOMED INC CVR RIGHTS (DEC 2022)",180,$183.6,0,"Health Care Equipment & Supplies","US","Right"

Bonds holdings 
 ,SEDOL,Holdings name,Coupon rate,Maturity date,Face amount,Market value*,% of fund*

 holdings 
 ,SEDOL,Holdings name,% of fund*,Market value*,Local currency

Commodities holdings 
 ,SEDOL,Holdings name,% of fund*,Market value*,# of Contracts
Short-term reserves holdings 
 ,SEDOL,Holdings name,Market value*,% of fund*
,---,"MKTLIQ",$2945067598,0.2298
,---,"SLBBH1142",$22111612,0.00173

"<p>Sector categories are based on the Global Industry Classification Standard (“GICS”), except for the “Other” category (if applicable), which includes securities that have not been provided a GICS classification as of the effective reporting period.</p>
"
"* Percentages may not add up to 100%. SEC regulations allow us to withhold a certain amount of holdings as proprietary information."
